Shipment_ID,Order_Date,Shipping_Mode,Region,Market,Product_Category,Priority,Distance_km,Shipment_Weight_kg,Order_Quantity,Scheduled_Days,Actual_Delivery_Days,Shipping_Cost,Sales_Value,Delay_Days,On_Time,Cost_per_Unit
SHP100000,2017-01-01 00:00:00.000000000,Second Class,South America,LATAM,Technology,Critical,1104.97,14.48,1,3,4,100.18,159.44,1,0,100.18
SHP100001,2017-01-01 04:22:55.887943971,Standard Class,Western Europe,LATAM,Clothing,Medium,707.31,10.0,3,4,4,79.8,357.0,0,1,26.599999999999998
SHP100002,2017-01-01 08:45:51.775887943,Standard Class,Oceania,Africa,Office Supplies,High,657.17,18.2,3,4,4,84.65,192.87,0,1,28.21666666666667
SHP100003,2017-01-01 13:08:47.663831915,Standard Class,South America,Pacific Asia,Clothing,High,657.17,7.3,3,4,5,59.37,375.83,1,0,19.79
SHP100004,2017-01-01 17:31:43.551775887,Same Day,Eastern Asia,USCA,Sports,High,2084.19,12.47,3,1,3,172.335,439.99,2,0,57.445
SHP100005,2017-01-01 21:54:39.439719859,Second Class,South America,Europe,Clothing,Medium,1311.98,17.77,2,3,1,121.91,363.42,0,1,60.955
SHP100006,2017-01-02 02:17:35.327663831,First Class,South America,USCA,Office Supplies,High,544.28,3.91,1,2,2,68.86,147.95,0,1,68.86
SHP100007,2017-01-02 06:40:31.215607803,Standard Class,Western Europe,Africa,Office Supplies,Medium,1138.37,32.004999999999995,2,4,5,124.53,419.93,1,0,62.265
SHP100008,2017-01-02 11:03:27.103551775,First Class,Western Europe,USCA,Sports,Low,931.2,10.43,4,2,1,100.51,350.09,0,1,25.1275
SHP100009,2017-01-02 15:26:22.991495747,Second Class,USCA,Africa,Sports,High,118.85,4.0,6,3,5,63.75,585.25,2,0,10.625
SHP100010,2017-01-02 19:49:18.879439719,Second Class,Eastern Asia,Africa,Clothing,High,334.59,13.29,4,3,3,76.3,282.41,0,1,19.075
SHP100011,2017-01-03 00:12:14.767383691,Same Day,Central America,Africa,Office Supplies,High,978.5,12.41,5,1,1,119.43,390.3,0,1,23.886000000000003
SHP100012,2017-01-03 04:35:10.655327663,Standard Class,Western Europe,USCA,Office Supplies,Low,1961.62,11.65,1,4,5,113.77,162.29,1,0,113.77
SHP100013,2017-01-03 08:58:06.543271635,Standard Class,Central America,LATAM,Clothing,Low,661.45,21.01,3,4,4,99.88,316.29,0,1,33.29333333333333
SHP100014,2017-01-03 13:21:02.431215607,Second Class,Eastern Asia,Europe,Sports,Critical,511.27,18.38,4,3,1,105.09,420.74,0,1,26.2725
SHP100015,2017-01-03 17:43:58.319159579,Second Class,South America,Africa,Office Supplies,Low,849.39,14.35,3,3,3,88.75,264.35,0,1,29.583333333333332
SHP100016,2017-01-03 22:06:54.207103551,Second Class,USCA,Pacific Asia,Clothing,High,487.38,15.6,4,3,5,78.88,220.22,2,0,19.72
SHP100017,2017-01-04 02:29:50.095047523,Standard Class,South America,Africa,Sports,High,628.25,11.5,7,4,4,95.27,698.43,0,1,13.61
SHP100018,2017-01-04 06:52:45.982991495,Standard Class,USCA,USCA,Clothing,High,776.28,32.004999999999995,3,4,4,124.99,411.5,0,1,41.663333333333334
SHP100019,2017-01-04 11:15:41.870935467,Standard Class,Central America,Africa,Sports,Low,320.21,5.4,2,4,6,48.13,311.78,2,0,24.065
SHP100020,2017-01-04 15:38:37.758879439,Standard Class,Eastern Asia,Pacific Asia,Sports,High,1357.06,13.16,3,4,4,81.27,228.39,0,1,27.09
SHP100021,2017-01-04 20:01:33.646823411,Second Class,Eastern Asia,LATAM,Office Supplies,High,271.39,12.63,2,3,3,61.77,269.66,0,1,30.885
SHP100022,2017-01-05 00:24:29.534767383,Second Class,Western Europe,USCA,Technology,Medium,242.14,19.05,3,3,4,70.43,305.97,1,0,23.47666666666667
SHP100023,2017-01-05 04:47:25.422711355,Standard Class,Central America,USCA,Office Supplies,Medium,902.48,7.66,2,4,5,84.68,139.83,1,0,42.34
SHP100024,2017-01-05 09:10:21.310655327,Standard Class,USCA,USCA,Clothing,Medium,1288.69,4.67,4,4,7,67.78,323.33,3,0,16.945
SHP100025,2017-01-05 13:33:17.198599299,Standard Class,Western Europe,Pacific Asia,Sports,Low,886.5,13.28,1,4,5,91.66,132.44,1,0,91.66
SHP100026,2017-01-05 17:56:13.086543271,Standard Class,Central America,USCA,Office Supplies,High,719.49,14.22,4,4,6,77.83,506.25,2,0,19.4575
SHP100027,2017-01-05 22:19:08.974487243,First Class,Western Europe,LATAM,Sports,High,623.6,27.64,4,2,2,113.8,621.27,0,1,28.45
SHP100028,2017-01-06 02:42:04.862431215,First Class,Western Europe,Europe,Office Supplies,Critical,548.27,6.06,5,2,1,94.47,243.99,0,1,18.894
SHP100029,2017-01-06 07:05:00.750375187,Standard Class,Eastern Asia,Europe,Clothing,Medium,1560.51,22.99,2,4,5,124.67,347.31,1,0,62.335
SHP100030,2017-01-06 11:27:56.638319159,Second Class,Eastern Asia,Africa,Clothing,High,985.06,32.004999999999995,1,3,4,118.58,293.71,1,0,118.58
SHP100031,2017-01-06 15:50:52.526263131,First Class,South America,Europe,Clothing,Medium,583.14,9.9,2,2,1,86.0,196.78,0,1,43.0
SHP100032,2017-01-06 20:13:48.414207103,First Class,South America,Pacific Asia,Office Supplies,High,456.18,5.99,7,2,2,99.63,506.01,0,1,14.232857142857142
SHP100033,2017-01-07 00:36:44.302151075,Standard Class,Eastern Asia,Europe,Technology,High,1189.98,9.74,3,4,5,80.99,427.1,1,0,26.996666666666666
SHP100034,2017-01-07 04:59:40.190095047,Same Day,Eastern Asia,Pacific Asia,Clothing,High,1536.91,12.28,2,1,2,159.01,273.62,1,0,79.505
SHP100035,2017-01-07 09:22:36.078039019,Standard Class,Western Europe,Pacific Asia,Office Supplies,High,1449.01,16.61,3,4,5,99.41,409.68,1,0,33.13666666666666
SHP100036,2017-01-07 13:45:31.965982991,Standard Class,South America,Africa,Technology,Critical,394.3,8.8,2,4,5,38.04,243.89,1,0,19.02
SHP100037,2017-01-07 18:08:27.853926963,Standard Class,Eastern Asia,Europe,Office Supplies,High,619.61,28.66,4,4,4,101.67,612.05,0,1,25.4175
SHP100038,2017-01-07 22:31:23.741870935,Standard Class,Central America,Africa,Office Supplies,High,539.93,6.6,3,4,4,43.13,236.42,0,1,14.376666666666667
SHP100039,2017-01-08 02:54:19.629814907,Standard Class,Central America,USCA,Clothing,Low,682.22,4.68,1,4,3,53.93,186.26,0,1,53.93
SHP100040,2017-01-08 07:17:15.517758879,Standard Class,South America,LATAM,Technology,High,1348.79,22.39,3,4,7,113.06,493.68,3,0,37.68666666666667
SHP100041,2017-01-08 11:40:11.405702851,Standard Class,Central America,Europe,Office Supplies,Medium,1848.17,3.49,4,4,5,92.13,155.38,1,0,23.0325
SHP100042,2017-01-08 16:03:07.293646823,First Class,USCA,USCA,Office Supplies,Medium,1010.37,10.89,4,2,2,124.87,359.91,0,1,31.2175
SHP100043,2017-01-08 20:26:03.181590795,First Class,Western Europe,USCA,Office Supplies,Low,469.02,32.004999999999995,4,2,1,132.38,609.98,0,1,33.095
SHP100044,2017-01-09 00:48:59.069534767,Standard Class,South America,Africa,Office Supplies,High,763.62,12.1,2,4,8,79.29,251.19,4,0,39.645
SHP100045,2017-01-09 05:11:54.957478739,First Class,USCA,Africa,Clothing,Medium,2068.18,6.58,1,2,1,138.08,117.94,0,1,138.08
SHP100046,2017-01-09 09:34:50.845422711,First Class,Eastern Asia,LATAM,Office Supplies,Medium,835.02,11.8,2,2,2,114.32,275.37,0,1,57.16
SHP100047,2017-01-09 13:57:46.733366683,Second Class,USCA,LATAM,Technology,High,624.63,11.85,4,3,4,72.3,309.88,1,0,18.075
SHP100048,2017-01-09 18:20:42.621310655,Standard Class,Central America,LATAM,Sports,High,664.58,13.31,6,4,5,64.4,471.42,1,0,10.733333333333334
SHP100049,2017-01-09 22:43:38.509254627,Second Class,Western Europe,LATAM,Technology,High,1007.29,17.54,2,3,5,117.34,238.87,2,0,58.67
SHP100050,2017-01-10 03:06:34.397198599,First Class,Eastern Asia,Africa,Office Supplies,Medium,405.56,6.88,3,2,5,82.31,220.72,3,0,27.436666666666667
SHP100051,2017-01-10 07:29:30.285142571,Second Class,Oceania,Pacific Asia,Office Supplies,Medium,529.89,30.82,3,3,4,112.66,494.25,1,0,37.553333333333335
SHP100052,2017-01-10 11:52:26.173086543,Standard Class,Western Europe,Africa,Technology,Medium,1435.33,13.94,1,4,3,94.63,266.79,0,1,94.63
SHP100053,2017-01-10 16:15:22.061030515,Standard Class,Central America,Pacific Asia,Sports,Medium,988.18,18.17,1,4,4,85.0,271.09,0,1,85.0
SHP100054,2017-01-10 20:38:17.948974487,Second Class,Western Europe,Africa,Clothing,Low,841.04,8.62,1,3,4,85.21,160.15,1,0,85.21
SHP100055,2017-01-11 01:01:13.836918459,Standard Class,Oceania,Africa,Sports,Critical,1481.54,24.72,1,4,7,103.85,369.17,3,0,103.85
SHP100056,2017-01-11 05:24:09.724862431,Standard Class,Oceania,LATAM,Sports,Medium,446.2,10.58,2,4,3,61.95,142.32,0,1,30.975
SHP100057,2017-01-11 09:47:05.612806403,Standard Class,Western Europe,Pacific Asia,Sports,Low,610.61,14.19,3,4,6,81.7,277.39,2,0,27.233333333333334
SHP100058,2017-01-11 14:10:01.500750375,First Class,Eastern Asia,USCA,Technology,Medium,966.49,7.29,4,2,3,106.64,464.92,1,0,26.66
SHP100059,2017-01-11 18:32:57.388694347,First Class,USCA,USCA,Sports,Medium,943.54,7.04,7,2,3,105.55,534.13,1,0,15.078571428571427
SHP100060,2017-01-11 22:55:53.276638319,Standard Class,Eastern Asia,USCA,Office Supplies,Medium,220.0,17.79,4,4,4,67.69,293.85,0,1,16.9225
SHP100061,2017-01-12 03:18:49.164582291,Same Day,Oceania,LATAM,Office Supplies,Low,566.55,9.54,3,1,1,119.08,223.81,0,1,39.693333333333335
SHP100062,2017-01-12 07:41:45.052526263,Standard Class,South America,USCA,Technology,Critical,695.04,7.62,3,4,5,68.77,314.56,1,0,22.923333333333332
SHP100063,2017-01-12 12:04:40.940470235,Second Class,South America,Africa,Technology,Medium,1039.46,8.55,2,3,4,102.57,262.55,1,0,51.285
SHP100064,2017-01-12 16:27:36.828414207,Second Class,Eastern Asia,LATAM,Sports,Low,941.27,17.89,2,3,5,84.47,402.11,2,0,42.235
SHP100065,2017-01-12 20:50:32.716358179,First Class,South America,USCA,Office Supplies,Low,742.05,8.62,4,2,2,102.65,430.71,0,1,25.6625
SHP100066,2017-01-13 01:13:28.604302151,First Class,Eastern Asia,LATAM,Office Supplies,Medium,117.96,11.42,2,2,2,65.38,206.48,0,1,32.69
SHP100067,2017-01-13 05:36:24.492246123,Standard Class,Central America,Africa,Office Supplies,Low,768.88,12.28,1,4,3,68.87,246.72,0,1,68.87
SHP100068,2017-01-13 09:59:20.380190095,First Class,Eastern Asia,LATAM,Technology,Low,819.07,4.24,1,2,3,94.19,172.07,1,0,94.19
SHP100069,2017-01-13 14:22:16.268134067,Standard Class,Central America,USCA,Clothing,Medium,2338.11,5.42,4,4,5,141.34,241.78,1,0,35.335
SHP100070,2017-01-13 18:45:12.156078039,Second Class,USCA,LATAM,Office Supplies,Medium,678.72,14.66,3,3,2,106.68,459.44,0,1,35.56
SHP100071,2017-01-13 23:08:08.044022011,Second Class,Oceania,Europe,Technology,Low,970.08,8.12,3,3,3,96.02,291.93,0,1,32.00666666666667
SHP100072,2017-01-14 03:31:03.931965983,Second Class,South America,USCA,Sports,Medium,1639.63,21.78,6,3,3,146.81,799.89,0,1,24.468333333333334
SHP100073,2017-01-14 07:53:59.819909955,Standard Class,USCA,Africa,Office Supplies,Medium,1299.48,20.73,3,4,3,99.91,258.95,0,1,33.303333333333335
SHP100074,2017-01-14 12:16:55.707853927,First Class,USCA,Pacific Asia,Sports,Medium,1895.89,18.09,1,2,2,142.81,312.75,0,1,142.81
SHP100075,2017-01-14 16:39:51.595797899,Standard Class,Oceania,LATAM,Office Supplies,Medium,223.34,32.004999999999995,6,4,3,97.25,887.53,0,1,16.208333333333332
SHP100076,2017-01-14 21:02:47.483741871,Standard Class,Western Europe,LATAM,Sports,Low,341.9,11.64,3,4,4,47.32,465.69,0,1,15.773333333333333
SHP100077,2017-01-15 01:25:43.371685843,Second Class,Western Europe,USCA,Technology,Low,501.87,17.41,2,3,3,93.74,350.27,0,1,46.87
SHP100078,2017-01-15 05:48:39.259629815,Standard Class,USCA,USCA,Sports,Medium,188.37,8.83,5,4,3,49.35,338.09,0,1,9.870000000000001
SHP100079,2017-01-15 10:11:35.147573787,First Class,USCA,Europe,Technology,Medium,824.01,32.004999999999995,5,2,5,145.76,717.48,3,0,29.151999999999997
SHP100080,2017-01-15 14:34:31.035517759,Standard Class,Oceania,Africa,Sports,Low,365.91,32.004999999999995,5,4,6,105.18,624.93,2,0,21.036
SHP100081,2017-01-15 18:57:26.923461731,Standard Class,Eastern Asia,LATAM,Sports,Medium,2052.11,12.26,5,4,4,122.47,366.36,0,1,24.494
SHP100082,2017-01-15 23:20:22.811405703,First Class,Eastern Asia,LATAM,Sports,High,414.96,15.07,1,2,3,91.92,209.78,1,0,91.92
SHP100083,2017-01-16 03:43:18.699349674,Standard Class,South America,Pacific Asia,Office Supplies,High,613.33,25.73,4,4,5,90.17,360.48,1,0,22.5425
SHP100084,2017-01-16 08:06:14.587293646,Standard Class,Oceania,LATAM,Clothing,High,1349.6,11.24,1,4,6,97.12,149.72,2,0,97.12
SHP100085,2017-01-16 12:29:10.475237618,Second Class,Western Europe,LATAM,Clothing,High,268.57,8.49,1,3,3,51.82,238.2,0,1,51.82
SHP100086,2017-01-16 16:52:06.363181590,Standard Class,Oceania,Europe,Office Supplies,Critical,176.05,19.7,5,4,6,71.87,637.06,2,0,14.374
SHP100087,2017-01-16 21:15:02.251125562,Second Class,Oceania,Pacific Asia,Sports,High,894.79,12.27,6,3,3,87.45,322.37,0,1,14.575000000000001
SHP100088,2017-01-17 01:37:58.139069534,Standard Class,South America,LATAM,Sports,Medium,942.78,13.47,3,4,3,92.39,168.76,0,1,30.796666666666667
SHP100089,2017-01-17 06:00:54.027013506,First Class,Eastern Asia,LATAM,Office Supplies,Medium,1323.65,7.7,2,2,3,120.12,148.97,1,0,60.06
SHP100090,2017-01-17 10:23:49.914957478,First Class,USCA,Africa,Technology,Medium,1123.26,4.74,2,2,4,102.28,117.45,2,0,51.14
SHP100091,2017-01-17 14:46:45.802901450,Second Class,Western Europe,LATAM,Technology,High,967.06,13.87,2,3,6,95.35,209.8,3,0,47.675
SHP100092,2017-01-17 19:09:41.690845422,Standard Class,South America,Europe,Office Supplies,Critical,454.94,20.04,4,4,3,79.67,347.78,0,1,19.9175
SHP100093,2017-01-17 23:32:37.578789394,First Class,Western Europe,LATAM,Clothing,Medium,924.97,10.76,2,2,3,85.68,223.82,1,0,42.84
SHP100094,2017-01-18 03:55:33.466733366,Second Class,Western Europe,LATAM,Technology,High,964.48,26.84,2,3,3,104.88,355.51,0,1,52.44
SHP100095,2017-01-18 08:18:29.354677338,Second Class,Eastern Asia,USCA,Office Supplies,Medium,441.38,8.27,1,3,4,69.59,124.12,1,0,69.59
SHP100096,2017-01-18 12:41:25.242621310,Standard Class,USCA,LATAM,Technology,Medium,2338.11,6.82,3,4,3,120.71,253.85,0,1,40.236666666666665
SHP100097,2017-01-18 17:04:21.130565282,First Class,USCA,Pacific Asia,Office Supplies,Medium,1088.54,11.74,1,2,1,92.5,250.8,0,1,92.5
SHP100098,2017-01-18 21:27:17.018509254,Second Class,Eastern Asia,USCA,Technology,Medium,347.16,11.64,7,3,3,67.96,766.87,0,1,9.708571428571428
SHP100099,2017-01-19 01:50:12.906453226,Standard Class,South America,Pacific Asia,Technology,Medium,1327.93,18.61,2,4,5,108.68,239.45,1,0,54.34
SHP100100,2017-01-19 06:13:08.794397198,Standard Class,Central America,Pacific Asia,Office Supplies,High,1476.93,7.95,4,4,4,101.88,262.01,0,1,25.47
SHP100101,2017-01-19 10:36:04.682341170,First Class,South America,Europe,Clothing,High,1045.52,25.85,8,2,3,132.32,684.04,1,0,16.54
SHP100102,2017-01-19 14:59:00.570285142,Standard Class,South America,LATAM,Clothing,High,651.45,32.004999999999995,1,4,6,107.67,211.69,2,0,107.67
SHP100103,2017-01-19 19:21:56.458229114,Same Day,Central America,Pacific Asia,Technology,Medium,426.15,11.92,4,1,2,112.87,394.64,1,0,28.2175
SHP100104,2017-01-19 23:44:52.346173086,Second Class,Western Europe,LATAM,Technology,High,740.58,24.22,1,3,5,96.77,177.33,2,0,96.77
SHP100105,2017-01-20 04:07:48.234117058,Second Class,Oceania,LATAM,Clothing,Medium,996.51,6.81,3,3,4,95.8,222.56,1,0,31.933333333333334
SHP100106,2017-01-20 08:30:44.122061030,Standard Class,Central America,Europe,Office Supplies,Medium,791.48,22.01,2,4,3,87.21,175.67,0,1,43.605
SHP100107,2017-01-20 12:53:40.010005002,Standard Class,Oceania,Europe,Sports,High,1948.83,21.67,2,4,6,114.77,432.69,2,0,57.385
SHP100108,2017-01-20 17:16:35.897948974,First Class,Western Europe,Pacific Asia,Technology,Medium,1200.62,19.59,3,2,2,126.03,203.28,0,1,42.01
SHP100109,2017-01-20 21:39:31.785892946,Standard Class,Central America,Pacific Asia,Sports,Low,387.83,12.08,1,4,6,68.13,191.33,2,0,68.13
SHP100110,2017-01-21 02:02:27.673836918,Second Class,Eastern Asia,USCA,Technology,Medium,316.06,2.4,2,3,5,47.27,105.12,2,0,23.635
SHP100111,2017-01-21 06:25:23.561780890,Standard Class,South America,LATAM,Clothing,High,1094.72,8.56,2,4,5,67.3,180.04,1,0,33.65
SHP100112,2017-01-21 10:48:19.449724862,Standard Class,Central America,LATAM,Office Supplies,Medium,662.63,8.63,5,4,3,74.89,625.37,0,1,14.978
SHP100113,2017-01-21 15:11:15.337668834,Standard Class,Central America,Europe,Technology,Medium,1269.23,7.11,4,4,3,87.55,456.94,0,1,21.8875
SHP100114,2017-01-21 19:34:11.225612806,Standard Class,Western Europe,Europe,Sports,High,1088.12,13.03,1,4,6,82.01,120.61,2,0,82.01
SHP100115,2017-01-21 23:57:07.113556778,Same Day,Eastern Asia,Pacific Asia,Clothing,High,742.95,9.68,10,1,1,135.71,909.1,0,1,13.571000000000002
SHP100116,2017-01-22 04:20:03.001500750,Standard Class,Central America,USCA,Technology,High,391.56,7.74,2,4,5,44.41,299.56,1,0,22.205
SHP100117,2017-01-22 08:42:58.889444722,Standard Class,Eastern Asia,USCA,Office Supplies,Medium,196.42,6.81,3,4,5,39.22,247.81,1,0,13.073333333333332
SHP100118,2017-01-22 13:05:54.777388694,Standard Class,Oceania,Europe,Technology,Medium,913.38,8.22,3,4,5,78.81,321.64,1,0,26.27
SHP100119,2017-01-22 17:28:50.665332666,Standard Class,Central America,Europe,Office Supplies,Medium,264.41,22.57,3,4,5,66.69,415.4,1,0,22.23
SHP100120,2017-01-22 21:51:46.553276638,Standard Class,Eastern Asia,USCA,Office Supplies,Medium,378.32,8.47,3,4,4,68.52,245.02,0,1,22.84
SHP100121,2017-01-23 02:14:42.441220610,First Class,South America,USCA,Clothing,High,875.56,9.18,4,2,2,111.23,325.65,0,1,27.8075
SHP100122,2017-01-23 06:37:38.329164582,Standard Class,Western Europe,Pacific Asia,Technology,Low,817.88,9.48,1,4,5,55.89,171.25,1,0,55.89
SHP100123,2017-01-23 11:00:34.217108554,Standard Class,USCA,USCA,Office Supplies,Medium,294.02,14.68,2,4,5,73.0,301.86,1,0,36.5
SHP100124,2017-01-23 15:23:30.105052526,Standard Class,Eastern Asia,LATAM,Clothing,High,1584.17,15.66,3,4,4,110.5,400.16,0,1,36.833333333333336
SHP100125,2017-01-23 19:46:25.992996498,Same Day,Western Europe,USCA,Technology,High,1557.5,2.28,4,1,3,144.08,448.11,2,0,36.02
SHP100126,2017-01-24 00:09:21.880940470,Standard Class,USCA,Africa,Office Supplies,High,1118.23,21.37,3,4,4,104.3,431.64,0,1,34.766666666666666
SHP100127,2017-01-24 04:32:17.768884442,Standard Class,Central America,USCA,Clothing,High,1117.33,26.84,2,4,4,108.83,442.93,0,1,54.415
SHP100128,2017-01-24 08:55:13.656828414,Second Class,Central America,Europe,Technology,High,1118.24,6.84,4,3,3,88.91,409.03,0,1,22.2275
SHP100129,2017-01-24 13:18:09.544772386,Second Class,Oceania,Europe,Office Supplies,High,1468.74,7.14,2,3,2,77.21,250.52,0,1,38.605
SHP100130,2017-01-24 17:41:05.432716358,Standard Class,Western Europe,Africa,Clothing,Medium,1220.34,9.51,3,4,4,93.67,371.83,0,1,31.223333333333333
SHP100131,2017-01-24 22:04:01.320660330,Standard Class,South America,LATAM,Clothing,Critical,418.89,8.04,7,4,6,58.27,248.71,2,0,8.324285714285715
SHP100132,2017-01-25 02:26:57.208604302,First Class,South America,USCA,Technology,Medium,655.81,13.78,4,2,2,109.39,473.14,0,1,27.3475
SHP100133,2017-01-25 06:49:53.096548274,Standard Class,Eastern Asia,USCA,Clothing,Medium,2338.11,4.18,1,4,5,148.2,101.21,1,0,148.2
SHP100134,2017-01-25 11:12:48.984492246,First Class,South America,Africa,Technology,Medium,126.52,6.59,3,2,2,61.59,391.47,0,1,20.53
SHP100135,2017-01-25 15:35:44.872436218,Second Class,USCA,Pacific Asia,Technology,High,543.18,28.4,5,3,3,106.91,662.6,0,1,21.381999999999998
SHP100136,2017-01-25 19:58:40.760380190,Standard Class,Western Europe,Pacific Asia,Office Supplies,High,1589.59,7.31,1,4,3,98.37,200.3,0,1,98.37
SHP100137,2017-01-26 00:21:36.648324162,Standard Class,Central America,LATAM,Technology,Medium,441.0,24.14,4,4,4,82.68,644.76,0,1,20.67
SHP100138,2017-01-26 04:44:32.536268134,Standard Class,Western Europe,USCA,Clothing,Low,1242.21,14.81,4,4,4,109.99,434.63,0,1,27.4975
SHP100139,2017-01-26 09:07:28.424212106,Second Class,Western Europe,USCA,Technology,High,810.44,4.5,4,3,4,70.25,155.79,1,0,17.5625
SHP100140,2017-01-26 13:30:24.312156078,Standard Class,Central America,USCA,Office Supplies,High,466.38,17.28,3,4,5,85.87,278.72,1,0,28.623333333333335
SHP100141,2017-01-26 17:53:20.200100050,Standard Class,USCA,Europe,Clothing,Medium,101.52,11.42,4,4,3,49.36,428.66,0,1,12.34
SHP100142,2017-01-26 22:16:16.088044022,Second Class,Western Europe,Pacific Asia,Office Supplies,Medium,895.93,9.48,1,3,5,83.9,205.36,2,0,83.9
SHP100143,2017-01-27 02:39:11.975987994,Same Day,South America,Africa,Sports,High,411.49,13.94,4,1,2,121.33,344.68,1,0,30.3325
SHP100144,2017-01-27 07:02:07.863931966,Standard Class,Eastern Asia,Europe,Office Supplies,Medium,719.99,15.82,2,4,5,81.27,202.13,1,0,40.635
SHP100145,2017-01-27 11:25:03.751875938,First Class,Eastern Asia,Europe,Sports,High,1110.94,17.98,6,2,2,138.88,769.41,0,1,23.146666666666665
SHP100146,2017-01-27 15:47:59.639819910,Standard Class,Western Europe,Pacific Asia,Sports,Low,1393.12,23.29,2,4,4,100.58,236.75,0,1,50.29
SHP100147,2017-01-27 20:10:55.527763882,Standard Class,USCA,USCA,Technology,Low,541.82,15.25,7,4,5,78.25,763.59,1,0,11.178571428571429
SHP100148,2017-01-28 00:33:51.415707854,Standard Class,Central America,LATAM,Clothing,Medium,465.68,5.72,5,4,5,57.66,564.67,1,0,11.532
SHP100149,2017-01-28 04:56:47.303651826,Standard Class,Oceania,Africa,Technology,Medium,260.22,9.39,3,4,2,44.62,338.05,0,1,14.873333333333333
SHP100150,2017-01-28 09:19:43.191595798,Standard Class,USCA,Pacific Asia,Clothing,Low,1437.45,32.004999999999995,3,4,4,147.55,463.36,0,1,49.18333333333334
SHP100151,2017-01-28 13:42:39.079539770,Standard Class,Western Europe,LATAM,Office Supplies,Low,2338.11,18.15,1,4,4,144.49,265.69,0,1,144.49
SHP100152,2017-01-28 18:05:34.967483742,First Class,Western Europe,Pacific Asia,Sports,High,1538.23,32.004999999999995,4,2,3,162.97,644.05,1,0,40.7425
SHP100153,2017-01-28 22:28:30.855427714,First Class,Oceania,Pacific Asia,Sports,Medium,1758.85,26.25,2,2,4,165.27,350.07,2,0,82.635
SHP100154,2017-01-29 02:51:26.743371686,Second Class,Eastern Asia,Pacific Asia,Sports,High,444.0,13.92,3,3,3,68.68,208.11,0,1,22.893333333333334
SHP100155,2017-01-29 07:14:22.631315658,Standard Class,USCA,Pacific Asia,Office Supplies,Medium,1067.25,14.38,3,4,4,79.77,278.83,0,1,26.59
SHP100156,2017-01-29 11:37:18.519259630,Standard Class,Eastern Asia,USCA,Office Supplies,High,1317.81,11.94,2,4,4,95.19,196.79,0,1,47.595
SHP100157,2017-01-29 16:00:14.407203602,Standard Class,Oceania,Europe,Technology,Medium,20.0,4.68,3,4,4,46.73,199.0,0,1,15.576666666666666
SHP100158,2017-01-29 20:23:10.295147574,Second Class,Central America,Pacific Asia,Technology,Medium,330.85,12.3,4,3,3,75.18,281.49,0,1,18.795
SHP100159,2017-01-30 00:46:06.183091546,First Class,Western Europe,LATAM,Clothing,Medium,2143.32,23.71,2,2,3,151.15,356.64,1,0,75.575
SHP100160,2017-01-30 05:09:02.071035518,Standard Class,South America,LATAM,Clothing,Medium,216.38,8.76,6,4,3,62.51,738.55,0,1,10.418333333333333
SHP100161,2017-01-30 09:31:57.958979490,Standard Class,Eastern Asia,LATAM,Sports,High,1935.95,15.28,2,4,5,112.93,300.73,1,0,56.465
SHP100162,2017-01-30 13:54:53.846923462,Standard Class,Eastern Asia,Europe,Office Supplies,High,214.99,19.46,2,4,3,75.64,322.15,0,1,37.82
SHP100163,2017-01-30 18:17:49.734867434,Standard Class,USCA,Europe,Office Supplies,High,344.89,7.39,4,4,4,49.95,416.85,0,1,12.4875
SHP100164,2017-01-30 22:40:45.622811406,Standard Class,Eastern Asia,LATAM,Technology,Medium,1080.19,9.5,5,4,4,95.71,494.82,0,1,19.142
SHP100165,2017-01-31 03:03:41.510755377,Second Class,Central America,USCA,Technology,High,824.74,6.96,4,3,5,77.63,290.16,2,0,19.4075
SHP100166,2017-01-31 07:26:37.398699349,Second Class,Oceania,Europe,Clothing,Medium,583.03,7.75,5,3,3,70.66,319.18,0,1,14.132
SHP100167,2017-01-31 11:49:33.286643321,Standard Class,Central America,Europe,Clothing,Critical,2091.69,6.0,3,4,2,92.25,389.28,0,1,30.75
SHP100168,2017-01-31 16:12:29.174587293,Standard Class,Eastern Asia,USCA,Technology,High,266.62,7.42,2,4,2,39.76,312.96,0,1,19.88
SHP100169,2017-01-31 20:35:25.062531265,Same Day,USCA,Pacific Asia,Technology,Low,811.27,26.59,4,1,2,146.97,518.8,1,0,36.7425
SHP100170,2017-02-01 00:58:20.950475237,Standard Class,Western Europe,Europe,Office Supplies,Medium,1172.37,7.36,5,4,5,85.69,202.26,1,0,17.137999999999998
SHP100171,2017-02-01 05:21:16.838419209,Standard Class,Eastern Asia,LATAM,Clothing,Medium,956.55,13.06,3,4,5,87.99,440.96,1,0,29.33
SHP100172,2017-02-01 09:44:12.726363181,Standard Class,Western Europe,LATAM,Technology,High,478.21,9.24,1,4,5,65.06,197.0,1,0,65.06
SHP100173,2017-02-01 14:07:08.614307153,Standard Class,USCA,USCA,Technology,Medium,492.1,12.27,2,4,6,82.42,257.49,2,0,41.21
SHP100174,2017-02-01 18:30:04.502251125,Standard Class,Western Europe,LATAM,Sports,High,1379.56,25.06,3,4,4,119.5,518.1,0,1,39.833333333333336
SHP100175,2017-02-01 22:53:00.390195097,First Class,Eastern Asia,Africa,Technology,Medium,1421.8,19.59,4,2,4,148.05,496.64,2,0,37.0125
SHP100176,2017-02-02 03:15:56.278139069,Standard Class,Eastern Asia,LATAM,Technology,Medium,973.89,14.42,1,4,3,82.61,275.37,0,1,82.61
SHP100177,2017-02-02 07:38:52.166083041,Standard Class,Western Europe,USCA,Office Supplies,Low,398.02,10.73,2,4,3,47.93,341.99,0,1,23.965
SHP100178,2017-02-02 12:01:48.054027013,Second Class,Central America,USCA,Technology,Medium,504.48,6.32,4,3,1,64.34,376.25,0,1,16.085
SHP100179,2017-02-02 16:24:43.941970985,Standard Class,Central America,USCA,Clothing,High,772.07,32.004999999999995,5,4,4,101.35,593.11,0,1,20.27
SHP100180,2017-02-02 20:47:39.829914957,First Class,USCA,Africa,Sports,Medium,853.27,8.02,4,2,2,88.87,262.33,0,1,22.2175
SHP100181,2017-02-03 01:10:35.717858929,First Class,Central America,Europe,Office Supplies,Medium,1141.71,17.55,4,2,3,109.34,364.42,1,0,27.335
SHP100182,2017-02-03 05:33:31.605802901,Standard Class,South America,Pacific Asia,Clothing,Low,673.61,21.82,3,4,5,91.51,524.6,1,0,30.503333333333334
SHP100183,2017-02-03 09:56:27.493746873,Second Class,Western Europe,LATAM,Sports,Low,1359.43,8.98,4,3,2,114.64,285.41,0,1,28.66
SHP100184,2017-02-03 14:19:23.381690845,Standard Class,South America,Europe,Sports,High,1349.6,21.56,1,4,4,98.08,270.52,0,1,98.08
SHP100185,2017-02-03 18:42:19.269634817,Same Day,South America,USCA,Technology,Medium,1797.05,18.55,5,1,1,163.65,333.06,0,1,32.730000000000004
SHP100186,2017-02-03 23:05:15.157578789,Standard Class,Western Europe,Europe,Sports,High,796.11,31.51,4,4,6,121.07,517.19,2,0,30.2675
SHP100187,2017-02-04 03:28:11.045522761,Same Day,South America,Europe,Sports,High,985.12,9.41,4,1,1,120.36,407.95,0,1,30.09
SHP100188,2017-02-04 07:51:06.933466733,Second Class,USCA,Africa,Technology,High,711.67,6.01,3,3,3,75.53,307.34,0,1,25.176666666666666
SHP100189,2017-02-04 12:14:02.821410705,Standard Class,USCA,USCA,Office Supplies,Medium,401.97,9.23,2,4,6,60.36,239.68,2,0,30.18
SHP100190,2017-02-04 16:36:58.709354677,Standard Class,Western Europe,USCA,Technology,Medium,2338.11,13.67,2,4,3,135.79,191.58,0,1,67.895
SHP100191,2017-02-04 20:59:54.597298649,Same Day,Oceania,LATAM,Office Supplies,High,1654.01,12.58,1,1,1,139.83,149.16,0,1,139.83
SHP100192,2017-02-05 01:22:50.485242621,First Class,Oceania,LATAM,Sports,High,1331.67,9.81,4,2,1,112.71,471.48,0,1,28.1775
SHP100193,2017-02-05 05:45:46.373186593,Standard Class,Western Europe,LATAM,Clothing,High,776.99,4.26,6,4,4,53.89,308.24,0,1,8.981666666666667
SHP100194,2017-02-05 10:08:42.261130565,Second Class,Western Europe,LATAM,Office Supplies,Medium,373.61,15.78,3,3,4,83.36,365.15,1,0,27.786666666666665
SHP100195,2017-02-05 14:31:38.149074537,Standard Class,Western Europe,Europe,Office Supplies,Medium,1487.23,32.004999999999995,2,4,5,143.46,483.22,1,0,71.73
SHP100196,2017-02-05 18:54:34.037018509,Standard Class,Central America,Europe,Office Supplies,Medium,702.61,15.73,1,4,7,74.12,197.53,3,0,74.12
SHP100197,2017-02-05 23:17:29.924962481,Standard Class,Western Europe,LATAM,Office Supplies,High,1045.63,17.03,2,4,2,90.74,198.4,0,1,45.37
SHP100198,2017-02-06 03:40:25.812906453,Standard Class,USCA,LATAM,Sports,Medium,502.97,16.69,4,4,5,73.3,538.73,1,0,18.325
SHP100199,2017-02-06 08:03:21.700850425,First Class,USCA,LATAM,Clothing,Low,933.14,12.27,3,2,2,116.0,380.64,0,1,38.666666666666664
SHP100200,2017-02-06 12:26:17.588794397,Standard Class,Eastern Asia,Pacific Asia,Office Supplies,High,527.6,20.34,2,4,4,82.44,288.36,0,1,41.22
SHP100201,2017-02-06 16:49:13.476738369,First Class,Oceania,LATAM,Clothing,Medium,543.58,15.14,2,2,2,87.09,280.09,0,1,43.545
SHP100202,2017-02-06 21:12:09.364682341,Standard Class,Oceania,Pacific Asia,Sports,Medium,924.84,10.26,6,4,3,94.23,613.27,0,1,15.705
SHP100203,2017-02-07 01:35:05.252626313,Standard Class,Western Europe,LATAM,Office Supplies,Low,212.05,7.86,1,4,6,43.23,181.14,2,0,43.23
SHP100204,2017-02-07 05:58:01.140570285,Standard Class,Oceania,USCA,Clothing,Medium,221.95,10.62,3,4,5,61.16,302.08,1,0,20.386666666666667
SHP100205,2017-02-07 10:20:57.028514257,Standard Class,Western Europe,Africa,Office Supplies,Medium,439.78,14.48,2,4,5,52.75,261.43,1,0,26.375
SHP100206,2017-02-07 14:43:52.916458229,Standard Class,Western Europe,Europe,Office Supplies,Medium,667.79,10.24,1,4,6,63.29,188.95,2,0,63.29
SHP100207,2017-02-07 19:06:48.804402201,Standard Class,Oceania,USCA,Sports,Low,1386.31,14.48,4,4,3,98.44,264.27,0,1,24.61
SHP100208,2017-02-07 23:29:44.692346173,Second Class,Oceania,Africa,Office Supplies,Low,695.76,15.51,5,3,2,87.11,487.82,0,1,17.422
SHP100209,2017-02-08 03:52:40.580290145,Standard Class,Eastern Asia,Pacific Asia,Clothing,Medium,773.42,19.26,5,4,2,104.93,305.67,0,1,20.986
SHP100210,2017-02-08 08:15:36.468234117,Standard Class,South America,Europe,Clothing,High,629.75,24.67,2,4,4,90.74,279.41,0,1,45.37
SHP100211,2017-02-08 12:38:32.356178089,Standard Class,Eastern Asia,Pacific Asia,Sports,Low,984.15,12.72,3,4,5,69.54,391.8,1,0,23.180000000000003
SHP100212,2017-02-08 17:01:28.244122061,First Class,Eastern Asia,Pacific Asia,Technology,Medium,398.67,5.93,3,2,3,70.66,215.28,1,0,23.55333333333333
SHP100213,2017-02-08 21:24:24.132066033,First Class,Oceania,Europe,Technology,Low,723.23,10.08,2,2,3,99.9,292.51,1,0,49.95
SHP100214,2017-02-09 01:47:20.020010005,Standard Class,USCA,Africa,Sports,Medium,1037.84,12.48,4,4,3,79.12,493.97,0,1,19.78
SHP100215,2017-02-09 06:10:15.907953977,Standard Class,Eastern Asia,Europe,Sports,Medium,919.75,4.44,5,4,5,62.09,493.29,1,0,12.418000000000001
SHP100216,2017-02-09 10:33:11.795897949,Standard Class,USCA,LATAM,Technology,Low,791.25,26.15,3,4,5,98.94,531.37,1,0,32.98
SHP100217,2017-02-09 14:56:07.683841921,Same Day,Oceania,Pacific Asia,Technology,High,798.15,13.17,4,1,2,128.87,526.55,1,0,32.2175
SHP100218,2017-02-09 19:19:03.571785893,Standard Class,Central America,LATAM,Clothing,Medium,1105.89,15.03,1,4,2,79.7,170.76,0,1,79.7
SHP100219,2017-02-09 23:41:59.459729865,Standard Class,Western Europe,Europe,Clothing,High,2338.11,25.82,1,4,5,167.87,401.0,1,0,167.87
SHP100220,2017-02-10 04:04:55.347673837,Standard Class,South America,Europe,Clothing,Low,420.96,8.61,4,4,3,58.55,231.1,0,1,14.6375
SHP100221,2017-02-10 08:27:51.235617809,Standard Class,USCA,Africa,Technology,Low,2338.11,16.71,4,4,4,158.58,323.04,0,1,39.645
SHP100222,2017-02-10 12:50:47.123561781,Standard Class,Central America,Pacific Asia,Sports,Medium,405.63,11.47,1,4,5,33.7,181.4,1,0,33.7
SHP100223,2017-02-10 17:13:43.011505753,First Class,USCA,USCA,Office Supplies,High,87.7,11.01,4,2,3,76.03,494.99,1,0,19.0075
SHP100224,2017-02-10 21:36:38.899449725,Standard Class,Western Europe,Europe,Clothing,Medium,519.35,7.97,4,4,4,58.26,204.22,0,1,14.565
SHP100225,2017-02-11 01:59:34.787393697,Second Class,Western Europe,USCA,Office Supplies,Medium,996.92,30.45,4,3,4,133.21,415.1,1,0,33.3025
SHP100226,2017-02-11 06:22:30.675337669,Standard Class,South America,Pacific Asia,Sports,Medium,811.27,9.91,3,4,3,122.45,335.15,0,1,40.81666666666667
SHP100227,2017-02-11 10:45:26.563281641,Standard Class,Eastern Asia,LATAM,Technology,Low,373.21,17.9,3,4,6,67.44,249.17,2,0,22.48
SHP100228,2017-02-11 15:08:22.451225613,First Class,Western Europe,Pacific Asia,Clothing,Critical,1101.51,4.34,2,2,2,99.17,229.51,0,1,49.585
SHP100229,2017-02-11 19:31:18.339169585,Standard Class,South America,Africa,Technology,Medium,244.23,23.31,4,4,6,91.52,534.98,2,0,22.88
SHP100230,2017-02-11 23:54:14.227113557,First Class,USCA,USCA,Sports,High,2338.11,21.73,3,2,2,160.8,236.72,0,1,53.6
SHP100231,2017-02-12 04:17:10.115057529,Standard Class,USCA,USCA,Clothing,High,1674.23,12.85,2,4,4,109.35,172.75,0,1,54.675
SHP100232,2017-02-12 08:40:06.003001501,Standard Class,USCA,LATAM,Sports,Medium,544.42,10.75,3,4,4,74.89,369.62,0,1,24.963333333333335
SHP100233,2017-02-12 13:03:01.890945473,Same Day,USCA,LATAM,Sports,Low,1845.76,15.18,5,1,3,172.335,419.17,2,0,34.467
SHP100234,2017-02-12 17:25:57.778889445,Standard Class,USCA,Europe,Clothing,High,720.09,32.004999999999995,2,4,4,121.58,347.35,0,1,60.79
SHP100235,2017-02-12 21:48:53.666833417,First Class,Oceania,Pacific Asia,Office Supplies,Medium,1730.4,4.62,3,2,3,114.49,216.17,1,0,38.163333333333334
SHP100236,2017-02-13 02:11:49.554777389,Standard Class,Western Europe,Africa,Clothing,Medium,787.01,18.73,2,4,4,95.39,315.92,0,1,47.695
SHP100237,2017-02-13 06:34:45.442721361,First Class,Western Europe,Europe,Technology,Medium,811.27,7.38,4,2,1,88.16,228.55,0,1,22.04
SHP100238,2017-02-13 10:57:41.330665332,Standard Class,Eastern Asia,Pacific Asia,Office Supplies,High,553.06,12.05,2,4,4,64.54,236.09,0,1,32.27
SHP100239,2017-02-13 15:20:37.218609304,Standard Class,Eastern Asia,LATAM,Clothing,High,1198.47,10.63,3,4,3,82.06,412.87,0,1,27.353333333333335
SHP100240,2017-02-13 19:43:33.106553276,Second Class,Oceania,Africa,Clothing,High,855.07,9.63,2,3,4,78.09,273.21,1,0,39.045
SHP100241,2017-02-14 00:06:28.994497248,First Class,Western Europe,LATAM,Clothing,Low,1117.8,12.11,3,2,1,95.93,380.6,0,1,31.97666666666667
SHP100242,2017-02-14 04:29:24.882441220,First Class,Eastern Asia,LATAM,Clothing,Medium,192.06,6.53,3,2,4,51.23,192.82,2,0,17.076666666666664
SHP100243,2017-02-14 08:52:20.770385192,First Class,South America,USCA,Clothing,Low,1769.46,21.46,4,2,2,164.14,444.94,0,1,41.035
SHP100244,2017-02-14 13:15:16.658329164,First Class,USCA,Pacific Asia,Technology,High,2053.44,4.54,2,2,2,111.85,212.81,0,1,55.925
SHP100245,2017-02-14 17:38:12.546273136,Standard Class,USCA,Europe,Sports,Critical,852.27,16.39,3,4,5,87.09,359.04,1,0,29.03
SHP100246,2017-02-14 22:01:08.434217108,Standard Class,Western Europe,USCA,Technology,Medium,2338.11,10.18,2,4,6,122.76,264.64,2,0,61.38
SHP100247,2017-02-15 02:24:04.322161080,Standard Class,USCA,Pacific Asia,Sports,Low,2284.22,6.4,3,4,4,109.33,291.35,0,1,36.443333333333335
SHP100248,2017-02-15 06:47:00.210105052,Standard Class,USCA,Pacific Asia,Clothing,Medium,1215.71,13.62,3,4,4,98.72,366.54,0,1,32.906666666666666
SHP100249,2017-02-15 11:09:56.098049024,Standard Class,South America,Pacific Asia,Technology,High,1860.79,5.17,4,4,2,103.9,262.93,0,1,25.975
SHP100250,2017-02-15 15:32:51.985992996,Standard Class,Central America,Africa,Sports,Medium,1561.69,12.45,4,4,4,103.93,401.43,0,1,25.9825
SHP100251,2017-02-15 19:55:47.873936968,Standard Class,Oceania,USCA,Sports,Low,145.89,5.57,3,4,4,50.93,315.53,0,1,16.976666666666667
SHP100252,2017-02-16 00:18:43.761880940,Second Class,Eastern Asia,Europe,Clothing,Critical,639.35,15.7,5,3,4,90.53,630.2,1,0,18.106
SHP100253,2017-02-16 04:41:39.649824912,Standard Class,Central America,USCA,Clothing,High,1272.03,7.33,5,4,4,99.28,547.67,0,1,19.856
SHP100254,2017-02-16 09:04:35.537768884,Standard Class,Eastern Asia,LATAM,Office Supplies,Low,2139.06,9.51,3,4,5,107.85,315.82,1,0,35.949999999999996
SHP100255,2017-02-16 13:27:31.425712856,Standard Class,Central America,Pacific Asia,Office Supplies,High,228.78,14.32,3,4,4,48.58,343.27,0,1,16.19333333333333
SHP100256,2017-02-16 17:50:27.313656828,First Class,USCA,LATAM,Sports,Medium,156.49,7.97,2,2,2,66.57,248.81,0,1,33.285
SHP100257,2017-02-16 22:13:23.201600800,Second Class,Eastern Asia,USCA,Office Supplies,Medium,752.56,11.8,1,3,5,80.11,248.52,2,0,80.11
SHP100258,2017-02-17 02:36:19.089544772,Second Class,Oceania,Europe,Technology,Medium,95.43,5.3,6,3,4,50.15,559.63,1,0,8.358333333333333
SHP100259,2017-02-17 06:59:14.977488744,Standard Class,Western Europe,LATAM,Sports,High,733.96,17.24,3,4,4,79.73,322.22,0,1,26.576666666666668
SHP100260,2017-02-17 11:22:10.865432716,Standard Class,South America,LATAM,Technology,High,1013.74,32.004999999999995,2,4,4,128.65,191.47,0,1,64.325
SHP100261,2017-02-17 15:45:06.753376688,Standard Class,Central America,Africa,Office Supplies,Low,358.89,32.004999999999995,5,4,4,102.51,817.88,0,1,20.502000000000002
SHP100262,2017-02-17 20:08:02.641320660,Standard Class,South America,USCA,Technology,Critical,748.58,12.81,5,4,4,62.33,583.68,0,1,12.466
SHP100263,2017-02-18 00:30:58.529264632,Standard Class,South America,LATAM,Sports,Low,1469.73,18.79,4,4,4,97.58,532.3,0,1,24.395
SHP100264,2017-02-18 04:53:54.417208604,Standard Class,Eastern Asia,USCA,Technology,High,517.39,4.58,5,4,5,75.62,258.04,1,0,15.124
SHP100265,2017-02-18 09:16:50.305152576,Standard Class,Western Europe,Europe,Sports,High,411.36,27.84,2,4,4,100.57,274.31,0,1,50.285
SHP100266,2017-02-18 13:39:46.193096548,Same Day,Eastern Asia,LATAM,Office Supplies,Medium,724.17,18.67,5,1,1,130.53,444.69,0,1,26.106
SHP100267,2017-02-18 18:02:42.081040520,Same Day,South America,Europe,Sports,Medium,327.36,9.34,2,1,4,90.74,283.6,3,0,45.37
SHP100268,2017-02-18 22:25:37.968984492,Standard Class,USCA,LATAM,Office Supplies,High,811.27,24.06,4,4,5,162.48,382.41,1,0,40.62
SHP100269,2017-02-19 02:48:33.856928464,Standard Class,Oceania,Pacific Asia,Clothing,Medium,804.41,10.59,3,4,3,84.15,384.27,0,1,28.05
SHP100270,2017-02-19 07:11:29.744872436,Standard Class,Western Europe,Africa,Office Supplies,High,447.12,9.47,3,4,4,48.55,248.39,0,1,16.183333333333334
SHP100271,2017-02-19 11:34:25.632816408,Standard Class,Western Europe,Africa,Sports,Medium,913.31,15.82,2,4,5,74.06,154.1,1,0,37.03
SHP100272,2017-02-19 15:57:21.520760380,First Class,USCA,Africa,Sports,High,721.29,6.79,3,2,4,99.84,291.08,2,0,33.28
SHP100273,2017-02-19 20:20:17.408704352,Standard Class,South America,Europe,Clothing,Medium,663.91,21.37,5,4,3,78.76,390.5,0,1,15.752
SHP100274,2017-02-20 00:43:13.296648324,Second Class,Eastern Asia,USCA,Clothing,Medium,517.28,6.82,2,3,5,66.0,233.57,2,0,33.0
SHP100275,2017-02-20 05:06:09.184592296,Standard Class,USCA,Africa,Office Supplies,Medium,497.82,6.84,5,4,6,59.83,584.86,2,0,11.966
SHP100276,2017-02-20 09:29:05.072536268,Same Day,Oceania,LATAM,Technology,High,196.35,7.39,3,1,1,97.73,396.35,0,1,32.57666666666667
SHP100277,2017-02-20 13:52:00.960480240,Standard Class,Central America,LATAM,Technology,Medium,1859.0,18.5,2,4,4,122.62,320.82,0,1,61.31
SHP100278,2017-02-20 18:14:56.848424212,Second Class,Eastern Asia,Pacific Asia,Clothing,Medium,1163.57,8.68,2,3,2,90.16,305.13,0,1,45.08
SHP100279,2017-02-20 22:37:52.736368184,Standard Class,Western Europe,Europe,Office Supplies,Critical,976.51,5.8,4,4,4,69.2,335.12,0,1,17.3
SHP100280,2017-02-21 03:00:48.624312156,Second Class,USCA,LATAM,Clothing,High,712.86,8.73,3,3,3,69.21,362.73,0,1,23.069999999999997
SHP100281,2017-02-21 07:23:44.512256128,Standard Class,Eastern Asia,LATAM,Clothing,Low,353.58,11.97,1,4,5,52.93,239.3,1,0,52.93
SHP100282,2017-02-21 11:46:40.400200100,Standard Class,Central America,Pacific Asia,Sports,Critical,425.15,6.36,4,4,6,64.82,183.72,2,0,16.205
SHP100283,2017-02-21 16:09:36.288144072,First Class,Oceania,Pacific Asia,Sports,High,218.31,6.47,2,2,2,64.71,150.58,0,1,32.355
SHP100284,2017-02-21 20:32:32.176088044,First Class,USCA,USCA,Sports,Medium,468.43,32.004999999999995,1,2,1,137.55,212.21,0,1,137.55
SHP100285,2017-02-22 00:55:28.064032016,First Class,Oceania,USCA,Clothing,Medium,312.74,7.59,7,2,2,91.68,721.13,0,1,13.097142857142858
SHP100286,2017-02-22 05:18:23.951975988,Second Class,Central America,USCA,Office Supplies,High,2205.31,10.2,3,3,4,137.33,252.41,1,0,45.77666666666667
SHP100287,2017-02-22 09:41:19.839919960,First Class,Central America,LATAM,Technology,High,1406.53,9.95,5,2,3,121.19,480.59,1,0,24.238
SHP100288,2017-02-22 14:04:15.727863932,Standard Class,South America,Pacific Asia,Technology,Medium,829.24,9.66,3,4,4,66.26,331.41,0,1,22.08666666666667
SHP100289,2017-02-22 18:27:11.615807904,Standard Class,Western Europe,Europe,Sports,Medium,386.35,17.15,4,4,5,87.52,595.46,1,0,21.88
SHP100290,2017-02-22 22:50:07.503751876,Standard Class,South America,USCA,Office Supplies,Medium,326.72,20.52,4,4,6,83.52,617.44,2,0,20.88
SHP100291,2017-02-23 03:13:03.391695848,Second Class,Eastern Asia,Africa,Sports,Medium,679.77,10.3,4,3,4,81.07,378.77,1,0,20.2675
SHP100292,2017-02-23 07:35:59.279639820,Standard Class,Central America,LATAM,Office Supplies,Medium,1444.61,6.17,2,4,4,99.96,243.12,0,1,49.98
SHP100293,2017-02-23 11:58:55.167583792,Standard Class,South America,Europe,Office Supplies,Low,224.15,24.56,1,4,4,78.21,324.59,0,1,78.21
SHP100294,2017-02-23 16:21:51.055527764,Second Class,Western Europe,LATAM,Office Supplies,High,1153.45,11.56,3,3,3,85.89,428.19,0,1,28.63
SHP100295,2017-02-23 20:44:46.943471736,First Class,Western Europe,USCA,Clothing,High,466.77,31.55,2,2,4,117.29,220.45,2,0,58.645
SHP100296,2017-02-24 01:07:42.831415708,Standard Class,Central America,LATAM,Office Supplies,Medium,536.38,3.54,2,4,4,54.69,209.44,0,1,27.345
SHP100297,2017-02-24 05:30:38.719359680,Standard Class,USCA,USCA,Clothing,Medium,812.17,13.56,4,4,4,94.41,265.12,0,1,23.6025
SHP100298,2017-02-24 09:53:34.607303652,Standard Class,South America,LATAM,Technology,Medium,397.31,32.004999999999995,1,4,4,118.65,330.8,0,1,118.65
SHP100299,2017-02-24 14:16:30.495247624,Standard Class,Oceania,USCA,Technology,Medium,654.72,10.03,1,4,6,61.7,152.84,2,0,61.7
SHP100300,2017-02-24 18:39:26.383191596,Standard Class,Central America,Pacific Asia,Clothing,Critical,370.02,10.76,3,4,7,63.37,283.86,3,0,21.12333333333333
SHP100301,2017-02-24 23:02:22.271135568,Second Class,Eastern Asia,Pacific Asia,Technology,High,497.42,14.33,2,3,4,72.7,322.57,1,0,36.35
SHP100302,2017-02-25 03:25:18.159079540,Second Class,South America,Pacific Asia,Technology,Medium,1302.26,8.96,6,3,4,98.72,507.01,1,0,16.453333333333333
SHP100303,2017-02-25 07:48:14.047023512,Second Class,South America,Pacific Asia,Sports,Medium,842.39,10.26,4,3,4,72.78,440.0,1,0,18.195
SHP100304,2017-02-25 12:11:09.934967484,Standard Class,Central America,Pacific Asia,Clothing,Medium,1299.04,10.12,6,4,2,100.19,298.65,0,1,16.698333333333334
SHP100305,2017-02-25 16:34:05.822911456,First Class,USCA,Africa,Clothing,Medium,461.92,8.63,6,2,3,101.08,657.55,1,0,16.846666666666668
SHP100306,2017-02-25 20:57:01.710855428,Standard Class,South America,LATAM,Clothing,Medium,1159.12,23.95,2,4,5,113.66,362.73,1,0,56.83
SHP100307,2017-02-26 01:19:57.598799400,Standard Class,South America,Pacific Asia,Sports,High,171.83,15.7,3,4,5,60.56,351.91,1,0,20.186666666666667
SHP100308,2017-02-26 05:42:53.486743372,First Class,Eastern Asia,Africa,Clothing,High,811.92,13.98,2,2,2,112.6,285.17,0,1,56.3
SHP100309,2017-02-26 10:05:49.374687344,Standard Class,USCA,Africa,Technology,Medium,1210.5,19.01,2,4,4,126.13,246.88,0,1,63.065
SHP100310,2017-02-26 14:28:45.262631316,Standard Class,Eastern Asia,LATAM,Office Supplies,High,164.84,12.27,3,4,4,42.75,391.82,0,1,14.25
SHP100311,2017-02-26 18:51:41.150575288,First Class,Oceania,LATAM,Sports,High,466.29,7.96,5,2,4,64.33,219.28,2,0,12.866
SHP100312,2017-02-26 23:14:37.038519260,Standard Class,Eastern Asia,USCA,Sports,High,811.51,8.75,2,4,4,70.23,189.75,0,1,35.115
SHP100313,2017-02-27 03:37:32.926463232,Second Class,Oceania,USCA,Clothing,Critical,1514.81,12.19,7,3,6,132.21,412.7,3,0,18.88714285714286
SHP100314,2017-02-27 08:00:28.814407204,Standard Class,Eastern Asia,Pacific Asia,Office Supplies,Medium,497.37,6.8,1,4,5,36.23,167.93,1,0,36.23
SHP100315,2017-02-27 12:23:24.702351176,Second Class,Oceania,Europe,Office Supplies,Medium,1129.01,9.25,1,3,2,96.16,170.75,0,1,96.16
SHP100316,2017-02-27 16:46:20.590295148,Standard Class,USCA,USCA,Office Supplies,High,1936.26,9.17,4,4,4,109.24,475.53,0,1,27.31
SHP100317,2017-02-27 21:09:16.478239120,Standard Class,Eastern Asia,Europe,Technology,High,1163.95,32.004999999999995,3,4,4,132.27,383.03,0,1,44.09
SHP100318,2017-02-28 01:32:12.366183092,Second Class,Eastern Asia,USCA,Office Supplies,High,673.16,2.65,4,3,1,60.06,458.59,0,1,15.015
SHP100319,2017-02-28 05:55:08.254127064,Standard Class,Central America,Africa,Clothing,Low,1016.84,12.27,5,4,6,77.13,486.04,2,0,15.425999999999998
SHP100320,2017-02-28 10:18:04.142071036,Standard Class,Eastern Asia,Africa,Technology,Medium,485.98,31.47,2,4,5,86.72,416.95,1,0,43.36
SHP100321,2017-02-28 14:41:00.030015008,Standard Class,Oceania,Africa,Office Supplies,Low,834.74,13.03,3,4,5,84.17,237.15,1,0,28.05666666666667
SHP100322,2017-02-28 19:03:55.917958980,Standard Class,Central America,Europe,Clothing,Medium,698.02,18.44,2,4,5,75.0,405.13,1,0,37.5
SHP100323,2017-02-28 23:26:51.805902952,Standard Class,Oceania,Pacific Asia,Technology,Medium,994.12,12.87,5,4,3,90.89,362.8,0,1,18.178
SHP100324,2017-03-01 03:49:47.693846924,Standard Class,Eastern Asia,USCA,Technology,Low,570.61,8.44,2,4,4,58.43,230.66,0,1,29.215
SHP100325,2017-03-01 08:12:43.581790896,First Class,Eastern Asia,USCA,Office Supplies,Low,1032.83,3.55,5,2,3,87.42,391.93,1,0,17.484
SHP100326,2017-03-01 12:35:39.469734868,Standard Class,Oceania,Europe,Technology,High,566.39,13.64,1,4,3,65.56,136.3,0,1,65.56
SHP100327,2017-03-01 16:58:35.357678840,Standard Class,USCA,Africa,Sports,Medium,1397.64,7.95,1,4,2,85.86,77.18,0,1,85.86
SHP100328,2017-03-01 21:21:31.245622812,Standard Class,USCA,Pacific Asia,Clothing,Low,611.4,7.84,3,4,4,70.58,253.88,0,1,23.526666666666667
SHP100329,2017-03-02 01:44:27.133566784,Standard Class,USCA,USCA,Office Supplies,Medium,99.63,9.26,5,4,4,64.1,357.84,0,1,12.819999999999999
SHP100330,2017-03-02 06:07:23.021510755,First Class,South America,Pacific Asia,Clothing,Medium,336.14,31.81,5,2,3,115.34,547.03,1,0,23.068
SHP100331,2017-03-02 10:30:18.909454727,Standard Class,Central America,Pacific Asia,Clothing,Critical,794.62,32.004999999999995,2,4,5,117.01,360.35,1,0,58.505
SHP100332,2017-03-02 14:53:14.797398699,Same Day,Central America,LATAM,Sports,Medium,2193.09,13.73,4,1,2,154.51,379.44,1,0,38.6275
SHP100333,2017-03-02 19:16:10.685342671,Standard Class,USCA,Pacific Asia,Technology,Medium,1362.74,9.43,3,4,5,97.84,186.58,1,0,32.61333333333334
SHP100334,2017-03-02 23:39:06.573286643,Second Class,Eastern Asia,LATAM,Sports,High,76.58,6.38,3,3,5,61.53,447.27,2,0,20.51
SHP100335,2017-03-03 04:02:02.461230615,Standard Class,Central America,Europe,Sports,High,204.81,15.76,4,4,3,39.5,430.97,0,1,9.875
SHP100336,2017-03-03 08:24:58.349174587,First Class,Oceania,Africa,Technology,High,1640.5,32.004999999999995,4,2,3,165.83,735.49,1,0,41.4575
SHP100337,2017-03-03 12:47:54.237118559,Second Class,Eastern Asia,LATAM,Office Supplies,High,1206.05,10.63,4,3,4,93.28,217.99,1,0,23.32
SHP100338,2017-03-03 17:10:50.125062531,Standard Class,Central America,Pacific Asia,Clothing,Critical,2338.11,3.29,1,4,3,126.32,83.07,0,1,126.32
SHP100339,2017-03-03 21:33:46.013006503,Standard Class,Western Europe,Africa,Office Supplies,Medium,548.84,17.61,1,4,3,66.55,137.51,0,1,66.55
SHP100340,2017-03-04 01:56:41.900950475,Standard Class,Central America,Pacific Asia,Office Supplies,Critical,811.27,20.95,2,4,4,73.98,264.0,0,1,36.99
SHP100341,2017-03-04 06:19:37.788894447,First Class,USCA,Pacific Asia,Sports,High,825.79,5.09,3,2,2,97.46,204.38,0,1,32.486666666666665
SHP100342,2017-03-04 10:42:33.676838419,Standard Class,Oceania,LATAM,Technology,Medium,540.61,13.42,4,4,5,68.26,379.91,1,0,17.065
SHP100343,2017-03-04 15:05:29.564782391,Standard Class,Central America,Europe,Technology,High,1542.8,12.27,3,4,4,98.72,286.84,0,1,32.906666666666666
SHP100344,2017-03-04 19:28:25.452726363,Second Class,South America,Pacific Asia,Clothing,High,526.24,11.7,4,3,3,77.7,459.51,0,1,19.425
SHP100345,2017-03-04 23:51:21.340670335,Standard Class,USCA,LATAM,Technology,Low,639.11,7.89,5,4,4,64.78,244.37,0,1,12.956
SHP100346,2017-03-05 04:14:17.228614307,Same Day,South America,Pacific Asia,Office Supplies,Medium,345.8,21.3,4,1,3,122.67,421.82,2,0,30.6675
SHP100347,2017-03-05 08:37:13.116558279,Second Class,Eastern Asia,Africa,Technology,Critical,1303.55,9.76,3,3,4,95.04,384.94,1,0,31.680000000000003
SHP100348,2017-03-05 13:00:09.004502251,Second Class,South America,Europe,Technology,Medium,364.96,5.38,3,3,3,63.23,370.95,0,1,21.076666666666664
SHP100349,2017-03-05 17:23:04.892446223,First Class,Oceania,Pacific Asia,Office Supplies,Medium,1045.98,3.95,2,2,2,103.35,251.84,0,1,51.675
SHP100350,2017-03-05 21:46:00.780390195,Standard Class,Western Europe,Europe,Clothing,High,2338.11,24.37,4,4,6,145.48,380.8,2,0,36.37
SHP100351,2017-03-06 02:08:56.668334167,Standard Class,Western Europe,Europe,Clothing,Medium,142.18,17.1,2,4,4,62.82,317.36,0,1,31.41
SHP100352,2017-03-06 06:31:52.556278139,Standard Class,Eastern Asia,Africa,Office Supplies,Low,1993.94,12.79,3,4,6,126.94,406.22,2,0,42.31333333333333
SHP100353,2017-03-06 10:54:48.444222111,Standard Class,Eastern Asia,Africa,Technology,High,955.88,9.56,2,4,5,69.76,258.04,1,0,34.88
SHP100354,2017-03-06 15:17:44.332166083,Second Class,South America,USCA,Technology,High,299.27,9.11,1,3,3,70.64,166.36,0,1,70.64
SHP100355,2017-03-06 19:40:40.220110055,First Class,Oceania,Europe,Clothing,Medium,848.46,6.74,3,2,5,91.79,378.01,3,0,30.596666666666668
SHP100356,2017-03-07 00:03:36.108054027,Standard Class,South America,Pacific Asia,Clothing,Critical,1278.56,9.61,2,4,3,74.91,175.66,0,1,37.455
SHP100357,2017-03-07 04:26:31.995997999,Standard Class,Oceania,Africa,Clothing,Medium,412.26,3.8,8,4,4,47.82,335.26,0,1,5.9775
SHP100358,2017-03-07 08:49:27.883941971,Same Day,Oceania,Pacific Asia,Sports,Medium,1086.86,8.13,2,1,1,127.73,278.83,0,1,63.865
SHP100359,2017-03-07 13:12:23.771885943,Standard Class,Western Europe,Europe,Clothing,Low,2099.61,10.27,2,4,6,121.2,219.53,2,0,60.6
SHP100360,2017-03-07 17:35:19.659829915,Standard Class,Oceania,Africa,Technology,Medium,525.72,17.04,3,4,6,88.65,152.68,2,0,29.55
SHP100361,2017-03-07 21:58:15.547773887,Standard Class,Central America,USCA,Clothing,Medium,342.21,11.92,6,4,6,72.47,516.98,2,0,12.078333333333333
SHP100362,2017-03-08 02:21:11.435717859,First Class,Oceania,Europe,Technology,Medium,714.01,18.86,3,2,4,108.55,519.56,2,0,36.18333333333333
SHP100363,2017-03-08 06:44:07.323661831,Second Class,Western Europe,Pacific Asia,Technology,High,816.41,25.59,1,3,3,111.47,231.01,0,1,111.47
SHP100364,2017-03-08 11:07:03.211605803,Second Class,USCA,USCA,Technology,Low,1594.41,21.8,3,3,3,133.2,361.9,0,1,44.4
SHP100365,2017-03-08 15:29:59.099549775,First Class,South America,Europe,Clothing,High,696.78,15.78,1,2,1,95.3,207.37,0,1,95.3
SHP100366,2017-03-08 19:52:54.987493747,Standard Class,Oceania,Africa,Clothing,Medium,563.67,12.26,2,4,7,59.86,133.95,3,0,29.93
SHP100367,2017-03-09 00:15:50.875437719,Standard Class,Central America,Europe,Office Supplies,Critical,334.83,7.1,1,4,5,29.5,94.67,1,0,29.5
SHP100368,2017-03-09 04:38:46.763381691,First Class,Eastern Asia,LATAM,Clothing,Medium,166.19,18.3,5,2,2,87.58,300.08,0,1,17.516
SHP100369,2017-03-09 09:01:42.651325663,Standard Class,South America,Pacific Asia,Clothing,Low,252.3,30.69,2,4,6,86.89,497.26,2,0,43.445
SHP100370,2017-03-09 13:24:38.539269635,First Class,Eastern Asia,Africa,Clothing,Low,250.93,14.7,5,2,1,66.4,674.32,0,1,13.280000000000001
SHP100371,2017-03-09 17:47:34.427213607,First Class,Central America,Africa,Sports,High,644.27,32.004999999999995,4,2,3,133.86,724.96,1,0,33.465
SHP100372,2017-03-09 22:10:30.315157579,Second Class,Western Europe,LATAM,Clothing,High,199.11,5.26,3,3,3,62.23,253.91,0,1,20.743333333333332
SHP100373,2017-03-10 02:33:26.203101551,Second Class,USCA,USCA,Sports,Medium,753.25,6.46,3,3,4,87.58,285.36,1,0,29.19333333333333
SHP100374,2017-03-10 06:56:22.091045523,First Class,Western Europe,Africa,Technology,Medium,2338.11,19.5,4,2,2,167.2,281.89,0,1,41.8
SHP100375,2017-03-10 11:19:17.978989495,First Class,USCA,USCA,Technology,Medium,1624.42,14.09,3,2,1,127.63,285.75,0,1,42.54333333333333
SHP100376,2017-03-10 15:42:13.866933467,Standard Class,South America,USCA,Technology,Critical,639.6,25.09,3,4,5,86.57,499.17,1,0,28.856666666666666
SHP100377,2017-03-10 20:05:09.754877439,Standard Class,Oceania,USCA,Technology,Critical,2338.11,12.08,1,4,6,155.58,206.16,2,0,155.58
SHP100378,2017-03-11 00:28:05.642821411,Standard Class,Oceania,Europe,Sports,Critical,818.47,7.56,4,4,4,80.53,218.85,0,1,20.1325
SHP100379,2017-03-11 04:51:01.530765383,Second Class,Eastern Asia,LATAM,Sports,High,903.25,10.83,4,3,4,105.77,278.17,1,0,26.4425
SHP100380,2017-03-11 09:13:57.418709355,Standard Class,Western Europe,Pacific Asia,Technology,High,704.05,5.24,5,4,3,49.38,570.22,0,1,9.876000000000001
SHP100381,2017-03-11 13:36:53.306653327,Second Class,Oceania,LATAM,Clothing,Medium,765.36,6.55,2,3,3,66.27,222.54,0,1,33.135
SHP100382,2017-03-11 17:59:49.194597299,Standard Class,USCA,Africa,Technology,High,511.68,20.8,2,4,4,61.57,301.85,0,1,30.785
SHP100383,2017-03-11 22:22:45.082541271,Second Class,Oceania,LATAM,Technology,High,646.6,19.69,4,3,4,97.81,632.23,1,0,24.4525
SHP100384,2017-03-12 02:45:40.970485243,Standard Class,Western Europe,Pacific Asia,Sports,Critical,2002.45,14.87,3,4,5,117.96,323.9,1,0,39.32
SHP100385,2017-03-12 07:08:36.858429215,Second Class,Western Europe,Europe,Technology,Medium,1738.45,4.73,3,3,4,110.09,238.55,1,0,36.696666666666665
SHP100386,2017-03-12 11:31:32.746373187,Standard Class,Central America,Africa,Sports,Low,94.6,10.0,1,4,6,47.79,228.73,2,0,47.79
SHP100387,2017-03-12 15:54:28.634317159,Standard Class,Eastern Asia,Europe,Office Supplies,Medium,221.93,6.21,1,4,5,44.42,72.33,1,0,44.42
SHP100388,2017-03-12 20:17:24.522261131,Standard Class,Western Europe,Africa,Sports,High,417.01,23.27,5,4,5,72.16,448.58,1,0,14.431999999999999
SHP100389,2017-03-13 00:40:20.410205103,Second Class,Central America,Pacific Asia,Technology,Medium,1452.82,8.84,2,3,2,101.52,303.67,0,1,50.76
SHP100390,2017-03-13 05:03:16.298149075,Standard Class,Western Europe,Europe,Clothing,Medium,2338.11,6.7,4,4,4,86.53,355.56,0,1,21.6325
SHP100391,2017-03-13 09:26:12.186093047,Standard Class,South America,Pacific Asia,Sports,Medium,1275.31,12.38,1,4,4,103.06,206.29,0,1,103.06
SHP100392,2017-03-13 13:49:08.074037019,Same Day,USCA,Pacific Asia,Sports,Medium,298.2,8.57,2,1,1,90.67,299.78,0,1,45.335
SHP100393,2017-03-13 18:12:03.961980991,Second Class,USCA,LATAM,Sports,Medium,519.89,27.55,2,3,3,90.49,314.16,0,1,45.245
SHP100394,2017-03-13 22:34:59.849924963,Same Day,South America,Africa,Technology,Low,1099.68,8.13,3,1,1,118.73,156.92,0,1,39.57666666666667
SHP100395,2017-03-14 02:57:55.737868935,Standard Class,South America,USCA,Technology,Critical,654.02,5.64,4,4,2,62.92,255.08,0,1,15.73
SHP100396,2017-03-14 07:20:51.625812907,Standard Class,Western Europe,USCA,Sports,High,587.99,3.73,4,4,4,61.89,238.29,0,1,15.4725
SHP100397,2017-03-14 11:43:47.513756879,First Class,Oceania,Europe,Clothing,Low,594.57,11.98,2,2,3,102.07,221.56,1,0,51.035
SHP100398,2017-03-14 16:06:43.401700851,Standard Class,Oceania,Pacific Asia,Technology,High,1655.16,8.94,4,4,3,102.6,438.01,0,1,25.65
SHP100399,2017-03-14 20:29:39.289644823,Second Class,South America,LATAM,Clothing,High,1175.96,5.55,3,3,4,85.65,376.33,1,0,28.55
SHP100400,2017-03-15 00:52:35.177588795,Standard Class,Eastern Asia,Africa,Office Supplies,Low,619.45,23.43,4,4,7,98.02,603.43,3,0,24.505
SHP100401,2017-03-15 05:15:31.065532767,Standard Class,USCA,Europe,Clothing,Medium,986.43,17.58,4,4,6,100.09,150.53,2,0,25.0225
SHP100402,2017-03-15 09:38:26.953476739,Standard Class,Central America,Pacific Asia,Technology,Medium,262.92,11.99,4,4,6,59.86,239.73,2,0,14.965
SHP100403,2017-03-15 14:01:22.841420710,Standard Class,South America,USCA,Sports,Medium,811.27,25.8,4,4,5,99.95,359.66,1,0,24.9875
SHP100404,2017-03-15 18:24:18.729364682,Standard Class,USCA,USCA,Office Supplies,High,1553.15,17.54,5,4,6,110.94,461.58,2,0,22.188
SHP100405,2017-03-15 22:47:14.617308654,Standard Class,Central America,Africa,Clothing,Medium,187.05,7.75,1,4,4,40.78,74.41,0,1,40.78
SHP100406,2017-03-16 03:10:10.505252626,Same Day,Central America,Africa,Sports,Medium,1185.69,6.88,5,1,1,111.08,410.83,0,1,22.216
SHP100407,2017-03-16 07:33:06.393196598,Standard Class,South America,Africa,Office Supplies,Critical,93.41,19.1,4,4,1,78.16,327.35,0,1,19.54
SHP100408,2017-03-16 11:56:02.281140570,Second Class,Oceania,Europe,Clothing,Medium,2215.98,15.15,2,3,5,135.4,337.38,2,0,67.7
SHP100409,2017-03-16 16:18:58.169084542,First Class,Eastern Asia,Africa,Sports,High,511.04,13.37,1,2,4,100.02,195.25,2,0,100.02
SHP100410,2017-03-16 20:41:54.057028514,Second Class,USCA,Europe,Office Supplies,Low,1036.06,7.65,2,3,3,79.12,281.44,0,1,39.56
SHP100411,2017-03-17 01:04:49.944972486,Standard Class,South America,LATAM,Technology,Medium,851.39,17.02,5,4,4,93.65,354.74,0,1,18.73
SHP100412,2017-03-17 05:27:45.832916458,Second Class,Central America,Pacific Asia,Clothing,Medium,873.45,8.04,3,3,3,83.04,362.3,0,1,27.680000000000003
SHP100413,2017-03-17 09:50:41.720860430,Second Class,USCA,USCA,Clothing,Medium,974.22,11.52,4,3,4,89.41,610.35,1,0,22.3525
SHP100414,2017-03-17 14:13:37.608804402,Second Class,Western Europe,Europe,Office Supplies,Medium,155.16,27.0,3,3,5,95.85,362.11,2,0,31.95
SHP100415,2017-03-17 18:36:33.496748374,Second Class,Western Europe,Pacific Asia,Clothing,Medium,886.19,8.47,8,3,1,107.76,805.95,0,1,13.47
SHP100416,2017-03-17 22:59:29.384692346,Same Day,USCA,Africa,Sports,Medium,683.09,5.13,4,1,2,122.25,429.35,1,0,30.5625
SHP100417,2017-03-18 03:22:25.272636318,Second Class,USCA,USCA,Clothing,High,513.27,6.83,4,3,3,76.94,315.92,0,1,19.235
SHP100418,2017-03-18 07:45:21.160580290,Standard Class,Central America,Europe,Clothing,Low,416.82,21.05,3,4,5,67.09,247.31,1,0,22.363333333333333
SHP100419,2017-03-18 12:08:17.048524262,Second Class,South America,Africa,Sports,High,901.84,14.01,4,3,4,84.14,371.66,1,0,21.035
SHP100420,2017-03-18 16:31:12.936468234,Standard Class,Oceania,Pacific Asia,Sports,Medium,345.93,11.35,5,4,4,73.29,463.54,0,1,14.658000000000001
SHP100421,2017-03-18 20:54:08.824412206,Standard Class,South America,LATAM,Technology,Medium,1535.25,9.21,4,2,2,114.33,305.75,0,1,28.5825
SHP100422,2017-03-19 01:17:04.712356178,Standard Class,Eastern Asia,Pacific Asia,Sports,High,1087.66,15.91,3,4,4,97.75,399.07,0,1,32.583333333333336
SHP100423,2017-03-19 05:40:00.600300150,Standard Class,USCA,Europe,Clothing,Medium,940.29,7.64,2,4,6,70.86,290.5,2,0,35.43
SHP100424,2017-03-19 10:02:56.488244122,First Class,Western Europe,LATAM,Office Supplies,Medium,1493.9,14.41,3,2,3,140.6,223.96,1,0,46.86666666666667
SHP100425,2017-03-19 14:25:52.376188094,Second Class,Central America,LATAM,Clothing,Low,131.06,8.15,3,3,4,61.34,365.03,1,0,20.44666666666667
SHP100426,2017-03-19 18:48:48.264132066,Standard Class,Oceania,Africa,Technology,High,255.11,7.44,3,4,3,47.54,286.24,0,1,15.846666666666666
SHP100427,2017-03-19 23:11:44.152076038,Standard Class,South America,Pacific Asia,Office Supplies,Medium,1120.14,8.58,1,4,4,93.7,155.23,0,1,93.7
SHP100428,2017-03-20 03:34:40.040020010,First Class,Eastern Asia,Europe,Technology,Low,436.93,9.91,4,2,4,93.54,298.34,2,0,23.385
SHP100429,2017-03-20 07:57:35.927963982,Standard Class,South America,LATAM,Clothing,Medium,482.84,11.86,5,4,5,73.74,667.5,1,0,14.748
SHP100430,2017-03-20 12:20:31.815907954,First Class,Eastern Asia,Africa,Sports,High,222.14,13.87,2,2,3,74.59,261.34,1,0,37.295
SHP100431,2017-03-20 16:43:27.703851926,Standard Class,South America,LATAM,Office Supplies,Medium,346.76,1.6,1,4,7,25.2,92.26,3,0,25.2
SHP100432,2017-03-20 21:06:23.591795898,Second Class,Oceania,Pacific Asia,Clothing,Low,1557.35,7.81,3,3,5,103.74,159.85,2,0,34.58
SHP100433,2017-03-21 01:29:19.479739870,First Class,Oceania,USCA,Office Supplies,Medium,1102.52,9.82,2,2,3,90.78,201.86,1,0,45.39
SHP100434,2017-03-21 05:52:15.367683842,Standard Class,Central America,Europe,Technology,Medium,894.92,27.88,3,4,4,104.1,400.81,0,1,34.699999999999996
SHP100435,2017-03-21 10:15:11.255627814,Standard Class,Oceania,USCA,Clothing,Medium,497.9,6.73,6,4,2,69.74,413.55,0,1,11.623333333333333
SHP100436,2017-03-21 14:38:07.143571786,Standard Class,Eastern Asia,Pacific Asia,Office Supplies,High,856.12,13.32,1,4,4,83.28,134.83,0,1,83.28
SHP100437,2017-03-21 19:01:03.031515758,Second Class,Central America,USCA,Clothing,Medium,1645.69,27.72,1,3,3,136.92,266.02,0,1,136.92
SHP100438,2017-03-21 23:23:58.919459730,Standard Class,Oceania,Pacific Asia,Clothing,Medium,445.76,5.92,3,4,5,78.18,173.84,1,0,26.060000000000002
SHP100439,2017-03-22 03:46:54.807403702,Second Class,Western Europe,Pacific Asia,Technology,High,764.09,12.27,2,3,3,100.44,285.45,0,1,50.22
SHP100440,2017-03-22 08:09:50.695347674,Standard Class,Eastern Asia,Africa,Technology,Medium,2302.36,7.84,5,4,4,124.92,251.91,0,1,24.984
SHP100441,2017-03-22 12:32:46.583291646,Standard Class,Central America,USCA,Technology,Medium,1264.29,9.23,2,4,2,94.14,332.8,0,1,47.07
SHP100442,2017-03-22 16:55:42.471235618,Standard Class,Eastern Asia,LATAM,Sports,Medium,503.51,7.83,3,4,3,52.01,211.84,0,1,17.336666666666666
SHP100443,2017-03-22 21:18:38.359179590,Standard Class,Central America,Pacific Asia,Office Supplies,Medium,1197.68,8.15,1,4,5,79.37,151.82,1,0,79.37
SHP100444,2017-03-23 01:41:34.247123562,Second Class,Eastern Asia,USCA,Technology,Medium,184.06,32.004999999999995,5,3,5,108.7,487.41,2,0,21.740000000000002
SHP100445,2017-03-23 06:04:30.135067534,First Class,Western Europe,LATAM,Sports,Medium,742.06,19.38,1,2,2,95.46,248.03,0,1,95.46
SHP100446,2017-03-23 10:27:26.023011506,Second Class,Oceania,Europe,Sports,Critical,1196.81,22.33,2,3,4,121.88,347.25,1,0,60.94
SHP100447,2017-03-23 14:50:21.910955478,Standard Class,South America,LATAM,Office Supplies,High,1023.03,15.97,3,4,6,90.0,361.96,2,0,30.0
SHP100448,2017-03-23 19:13:17.798899450,Same Day,South America,USCA,Office Supplies,High,1189.16,5.04,4,1,1,90.74,405.38,0,1,22.685
SHP100449,2017-03-23 23:36:13.686843422,Second Class,South America,USCA,Technology,Medium,1366.49,15.14,2,3,4,109.83,294.42,1,0,54.915
SHP100450,2017-03-24 03:59:09.574787394,First Class,Central America,LATAM,Sports,Medium,1078.11,21.98,3,2,2,119.71,364.57,0,1,39.90333333333333
SHP100451,2017-03-24 08:22:05.462731366,Standard Class,Oceania,LATAM,Office Supplies,Medium,1057.27,7.62,7,4,5,100.51,745.32,1,0,14.358571428571429
SHP100452,2017-03-24 12:45:01.350675338,Standard Class,USCA,Pacific Asia,Office Supplies,Medium,909.32,20.72,5,4,5,101.85,576.14,1,0,20.369999999999997
SHP100453,2017-03-24 17:07:57.238619310,Standard Class,Central America,USCA,Office Supplies,High,312.89,17.95,1,4,5,61.35,279.54,1,0,61.35
SHP100454,2017-03-24 21:30:53.126563282,Second Class,Central America,Pacific Asia,Office Supplies,Medium,1556.91,32.004999999999995,2,3,3,138.44,543.37,0,1,69.22
SHP100455,2017-03-25 01:53:49.014507254,Standard Class,Central America,Pacific Asia,Sports,High,761.52,9.68,2,4,5,79.71,323.37,1,0,39.855
SHP100456,2017-03-25 06:16:44.902451226,Standard Class,USCA,Europe,Clothing,Low,1243.69,6.66,3,4,7,89.28,279.29,3,0,29.76
SHP100457,2017-03-25 10:39:40.790395198,Standard Class,Central America,USCA,Office Supplies,Medium,1455.07,9.99,1,4,3,89.41,183.24,0,1,89.41
SHP100458,2017-03-25 15:02:36.678339170,Second Class,Oceania,Pacific Asia,Sports,High,523.6,26.83,4,3,3,95.06,392.15,0,1,23.765
SHP100459,2017-03-25 19:25:32.566283142,Second Class,South America,Europe,Office Supplies,Medium,560.17,4.46,6,3,4,87.56,385.1,1,0,14.593333333333334
SHP100460,2017-03-25 23:48:28.454227114,Standard Class,Eastern Asia,Pacific Asia,Sports,High,619.63,3.91,3,4,5,50.93,232.73,1,0,16.976666666666667
SHP100461,2017-03-26 04:11:24.342171086,Standard Class,Central America,Pacific Asia,Technology,Critical,1747.9,12.8,7,4,4,113.67,804.79,0,1,16.23857142857143
SHP100462,2017-03-26 08:34:20.230115058,Second Class,Oceania,USCA,Clothing,Low,374.54,9.55,3,3,1,67.36,304.71,0,1,22.453333333333333
SHP100463,2017-03-26 12:57:16.118059030,Same Day,Western Europe,LATAM,Sports,Low,1941.94,12.23,4,1,3,166.37,458.04,2,0,41.5925
SHP100464,2017-03-26 17:20:12.006003002,Second Class,Eastern Asia,LATAM,Sports,Low,902.28,20.49,3,3,4,104.44,291.29,1,0,34.81333333333333
SHP100465,2017-03-26 21:43:07.893946974,First Class,Central America,USCA,Sports,High,947.44,8.99,6,2,1,76.86,482.13,0,1,12.81
SHP100466,2017-03-27 02:06:03.781890946,Second Class,Central America,LATAM,Office Supplies,Medium,1413.31,12.27,3,3,3,97.04,370.72,0,1,32.34666666666667
SHP100467,2017-03-27 06:28:59.669834918,Second Class,Eastern Asia,Africa,Technology,High,832.17,32.004999999999995,7,3,5,147.93,584.99,2,0,21.132857142857144
SHP100468,2017-03-27 10:51:55.557778890,Standard Class,Eastern Asia,LATAM,Office Supplies,Medium,1568.11,7.04,2,4,6,82.54,126.63,2,0,41.27
SHP100469,2017-03-27 15:14:51.445722862,Second Class,Central America,Pacific Asia,Technology,Medium,523.05,6.8,3,3,5,82.1,212.76,2,0,27.366666666666664
SHP100470,2017-03-27 19:37:47.333666834,Second Class,Oceania,Pacific Asia,Clothing,High,1902.67,22.35,4,3,3,154.71,641.91,0,1,38.6775
SHP100471,2017-03-28 00:00:43.221610806,Second Class,Western Europe,Europe,Office Supplies,Medium,555.14,9.86,2,3,4,76.4,234.24,1,0,38.2
SHP100472,2017-03-28 04:23:39.109554778,Standard Class,Oceania,USCA,Sports,Medium,1948.67,11.77,2,4,4,103.25,258.69,0,1,51.625
SHP100473,2017-03-28 08:46:34.997498750,Standard Class,USCA,Europe,Clothing,Low,566.76,15.89,4,4,6,78.94,427.42,2,0,19.735
SHP100474,2017-03-28 13:09:30.885442722,Standard Class,South America,Pacific Asia,Office Supplies,Medium,633.17,22.11,3,4,3,90.65,370.71,0,1,30.21666666666667
SHP100475,2017-03-28 17:32:26.773386694,Standard Class,South America,Pacific Asia,Technology,Medium,337.43,10.14,2,4,4,52.33,265.5,0,1,26.165
SHP100476,2017-03-28 21:55:22.661330665,Standard Class,South America,Europe,Office Supplies,Medium,420.79,28.11,7,4,6,108.84,407.03,2,0,15.54857142857143
SHP100477,2017-03-29 02:18:18.549274637,First Class,Central America,Africa,Office Supplies,High,764.26,3.76,3,2,2,80.78,235.17,0,1,26.926666666666666
SHP100478,2017-03-29 06:41:14.437218609,Standard Class,Western Europe,LATAM,Sports,High,926.23,18.5,4,4,6,91.28,534.53,2,0,22.82
SHP100479,2017-03-29 11:04:10.325162581,Standard Class,Western Europe,Africa,Sports,High,1495.34,7.68,3,4,4,85.66,285.95,0,1,28.55333333333333
SHP100480,2017-03-29 15:27:06.213106553,Standard Class,USCA,Africa,Clothing,Medium,667.51,25.91,2,4,4,88.95,397.29,0,1,44.475
SHP100481,2017-03-29 19:50:02.101050525,Second Class,Central America,Africa,Sports,High,1024.55,13.17,1,3,2,90.72,218.36,0,1,90.72
SHP100482,2017-03-30 00:12:57.988994497,Standard Class,Central America,Africa,Office Supplies,Medium,883.45,8.41,2,4,5,67.39,158.8,1,0,33.695
SHP100483,2017-03-30 04:35:53.876938469,Standard Class,Central America,LATAM,Office Supplies,Medium,1101.89,17.54,1,4,3,88.56,206.4,0,1,88.56
SHP100484,2017-03-30 08:58:49.764882441,Second Class,Western Europe,USCA,Technology,Medium,472.03,19.91,2,3,3,95.68,232.45,0,1,47.84
SHP100485,2017-03-30 13:21:45.652826413,Standard Class,Central America,Europe,Office Supplies,Low,517.07,17.34,3,4,3,88.33,412.78,0,1,29.44333333333333
SHP100486,2017-03-30 17:44:41.540770385,First Class,Eastern Asia,Africa,Clothing,Medium,472.18,6.91,3,2,3,67.94,382.15,1,0,22.646666666666665
SHP100487,2017-03-30 22:07:37.428714357,First Class,Eastern Asia,Africa,Clothing,Medium,1683.36,9.34,4,2,3,142.04,477.32,1,0,35.51
SHP100488,2017-03-31 02:30:33.316658329,Standard Class,Eastern Asia,Europe,Sports,Critical,1914.26,12.16,2,4,3,117.95,172.08,0,1,58.975
SHP100489,2017-03-31 06:53:29.204602301,Standard Class,Central America,Europe,Technology,Medium,499.98,11.91,3,4,6,56.4,239.95,2,0,18.8
SHP100490,2017-03-31 11:16:25.092546273,Second Class,Eastern Asia,USCA,Office Supplies,High,507.89,18.4,1,3,6,80.43,218.29,3,0,80.43
SHP100491,2017-03-31 15:39:20.980490245,Standard Class,USCA,Pacific Asia,Sports,Medium,1206.17,4.02,2,4,5,75.01,219.15,1,0,37.505
SHP100492,2017-03-31 20:02:16.868434217,Standard Class,Central America,USCA,Office Supplies,Medium,2049.47,14.64,5,4,4,113.69,474.57,0,1,22.738
SHP100493,2017-04-01 00:25:12.756378189,Standard Class,USCA,Pacific Asia,Clothing,Medium,2332.0,10.39,1,4,8,120.03,210.11,4,0,120.03
SHP100494,2017-04-01 04:48:08.644322161,First Class,Eastern Asia,LATAM,Clothing,High,482.32,7.68,1,2,1,80.94,166.73,0,1,80.94
SHP100495,2017-04-01 09:11:04.532266133,Standard Class,Central America,USCA,Technology,Low,581.91,8.1,2,4,5,51.24,163.09,1,0,25.62
SHP100496,2017-04-01 13:34:00.420210105,Second Class,Oceania,LATAM,Office Supplies,Medium,959.74,10.83,1,3,4,72.26,158.47,1,0,72.26
SHP100497,2017-04-01 17:56:56.308154077,Second Class,South America,Europe,Office Supplies,Medium,992.01,1.68,2,3,5,74.53,124.39,2,0,37.265
SHP100498,2017-04-01 22:19:52.196098049,Standard Class,Oceania,USCA,Clothing,Medium,686.78,8.28,3,4,5,84.32,271.07,1,0,28.106666666666666
SHP100499,2017-04-02 02:42:48.084042021,Standard Class,South America,Europe,Technology,High,409.34,7.53,3,4,4,46.95,194.02,0,1,15.65
SHP100500,2017-04-02 07:05:43.971985993,Same Day,South America,Africa,Sports,Medium,765.14,16.33,2,1,1,117.99,254.19,0,1,58.995
SHP100501,2017-04-02 11:28:39.859929965,Standard Class,Eastern Asia,Europe,Technology,Medium,2330.43,7.82,2,4,4,116.84,226.59,0,1,58.42
SHP100502,2017-04-02 15:51:35.747873937,Second Class,South America,Africa,Sports,High,522.91,10.82,4,3,2,91.91,509.78,0,1,22.9775
SHP100503,2017-04-02 20:14:31.635817909,Standard Class,South America,Pacific Asia,Sports,Medium,919.56,28.45,3,4,5,94.03,494.56,1,0,31.343333333333334
SHP100504,2017-04-03 00:37:27.523761881,Standard Class,Oceania,Africa,Clothing,High,2338.11,21.05,4,4,4,172.335,409.24,0,1,43.08375
SHP100505,2017-04-03 05:00:23.411705853,Standard Class,South America,Pacific Asia,Sports,High,517.12,20.01,2,4,3,72.88,246.81,0,1,36.44
SHP100506,2017-04-03 09:23:19.299649825,Standard Class,Central America,Africa,Office Supplies,Critical,1244.0,9.25,1,4,6,77.23,171.53,2,0,77.23
SHP100507,2017-04-03 13:46:15.187593797,Standard Class,USCA,Africa,Clothing,Medium,2338.11,16.42,2,4,4,127.22,318.55,0,1,63.61
SHP100508,2017-04-03 18:09:11.075537769,First Class,USCA,LATAM,Technology,Medium,1174.12,10.71,3,2,1,108.64,295.6,0,1,36.21333333333333
SHP100509,2017-04-03 22:32:06.963481741,Standard Class,Central America,LATAM,Technology,Medium,1607.81,10.94,6,4,4,100.13,326.26,0,1,16.688333333333333
SHP100510,2017-04-04 02:55:02.851425713,Standard Class,Eastern Asia,Europe,Sports,High,1355.35,15.26,6,4,5,103.03,737.33,1,0,17.171666666666667
SHP100511,2017-04-04 07:17:58.739369685,Standard Class,Oceania,LATAM,Office Supplies,Medium,1112.6,8.77,2,4,2,55.54,224.8,0,1,27.77
SHP100512,2017-04-04 11:40:54.627313657,Second Class,Western Europe,Pacific Asia,Technology,Medium,1874.64,27.69,5,3,4,142.35,822.11,1,0,28.47
SHP100513,2017-04-04 16:03:50.515257629,Standard Class,USCA,LATAM,Sports,High,1218.27,11.16,3,4,3,91.25,245.3,0,1,30.416666666666668
SHP100514,2017-04-04 20:26:46.403201601,Second Class,Oceania,Europe,Technology,Low,691.96,17.12,3,3,5,103.89,355.33,2,0,34.63
SHP100515,2017-04-05 00:49:42.291145573,Standard Class,USCA,USCA,Office Supplies,High,871.24,27.13,3,4,5,133.89,445.37,1,0,44.629999999999995
SHP100516,2017-04-05 05:12:38.179089545,Standard Class,Western Europe,Pacific Asia,Sports,High,1015.15,21.49,3,4,4,108.03,542.18,0,1,36.01
SHP100517,2017-04-05 09:35:34.067033517,Standard Class,South America,USCA,Office Supplies,Medium,579.26,5.61,5,4,4,56.25,549.53,0,1,11.25
SHP100518,2017-04-05 13:58:29.954977489,First Class,Western Europe,Pacific Asia,Sports,Medium,898.85,15.56,3,2,2,92.11,337.88,0,1,30.703333333333333
SHP100519,2017-04-05 18:21:25.842921461,Standard Class,South America,Europe,Office Supplies,Medium,810.95,19.45,3,4,5,93.75,253.78,1,0,31.25
SHP100520,2017-04-05 22:44:21.730865433,Standard Class,USCA,LATAM,Technology,Critical,1215.79,19.9,2,4,4,88.29,359.55,0,1,44.145
SHP100521,2017-04-06 03:07:17.618809405,Standard Class,Oceania,USCA,Technology,Low,2338.11,6.6,3,4,4,127.97,408.64,0,1,42.656666666666666
SHP100522,2017-04-06 07:30:13.506753377,First Class,Oceania,USCA,Office Supplies,Medium,935.99,8.49,4,2,3,109.01,337.86,1,0,27.2525
SHP100523,2017-04-06 11:53:09.394697349,Standard Class,Eastern Asia,LATAM,Technology,High,2082.25,21.05,4,4,4,141.42,569.9,0,1,35.355
SHP100524,2017-04-06 16:16:05.282641321,Standard Class,USCA,Europe,Technology,Critical,1187.12,8.01,2,4,4,70.61,213.72,0,1,35.305
SHP100525,2017-04-06 20:39:01.170585293,Standard Class,Eastern Asia,LATAM,Sports,High,896.03,10.33,4,4,2,62.6,444.37,0,1,15.65
SHP100526,2017-04-07 01:01:57.058529265,Standard Class,USCA,Africa,Office Supplies,High,554.71,28.98,4,4,6,101.5,592.07,2,0,25.375
SHP100527,2017-04-07 05:24:52.946473237,Second Class,South America,Africa,Sports,Low,900.73,11.87,2,3,4,90.91,259.06,1,0,45.455
SHP100528,2017-04-07 09:47:48.834417209,Second Class,USCA,Africa,Technology,Medium,862.8,8.17,2,3,3,93.44,307.45,0,1,46.72
SHP100529,2017-04-07 14:10:44.722361181,Standard Class,USCA,USCA,Technology,Low,446.97,7.52,1,4,7,27.25,117.2,3,0,27.25
SHP100530,2017-04-07 18:33:40.610305153,Standard Class,South America,USCA,Clothing,High,505.02,14.63,2,4,5,68.07,228.07,1,0,34.035
SHP100531,2017-04-07 22:56:36.498249125,Standard Class,Central America,Europe,Office Supplies,High,1020.99,5.85,3,4,3,80.02,261.25,0,1,26.673333333333332
SHP100532,2017-04-08 03:19:32.386193097,Standard Class,Central America,Pacific Asia,Office Supplies,High,2069.15,10.63,5,4,5,118.28,338.02,1,0,23.656
SHP100533,2017-04-08 07:42:28.274137069,Standard Class,USCA,LATAM,Sports,High,746.87,14.63,4,4,5,66.11,542.39,1,0,16.5275
SHP100534,2017-04-08 12:05:24.162081041,Second Class,Central America,Pacific Asia,Office Supplies,Medium,212.06,24.89,2,3,4,78.9,343.0,1,0,39.45
SHP100535,2017-04-08 16:28:20.050025013,Same Day,Oceania,USCA,Sports,Low,78.09,17.59,4,1,1,107.73,491.84,0,1,26.9325
SHP100536,2017-04-08 20:51:15.937968985,Same Day,USCA,LATAM,Technology,Medium,331.87,8.23,5,1,2,97.54,494.8,1,0,19.508000000000003
SHP100537,2017-04-09 01:14:11.825912957,First Class,Western Europe,USCA,Clothing,Low,1264.77,23.29,3,2,2,139.43,484.04,0,1,46.47666666666667
SHP100538,2017-04-09 05:37:07.713856929,Second Class,South America,Europe,Technology,High,254.91,10.33,4,3,4,79.03,551.16,1,0,19.7575
SHP100539,2017-04-09 10:00:03.601800901,Second Class,Eastern Asia,LATAM,Sports,Medium,1398.77,6.17,3,3,1,93.98,353.72,0,1,31.326666666666668
SHP100540,2017-04-09 14:22:59.489744873,Standard Class,South America,USCA,Sports,High,1219.42,11.08,2,4,4,96.61,287.25,0,1,48.305
SHP100541,2017-04-09 18:45:55.377688845,Second Class,USCA,Africa,Clothing,High,728.46,26.87,2,3,5,107.82,339.77,2,0,53.91
SHP100542,2017-04-09 23:08:51.265632817,Standard Class,Western Europe,Africa,Technology,Medium,450.21,13.34,4,4,4,70.82,395.37,0,1,17.705
SHP100543,2017-04-10 03:31:47.153576789,Standard Class,South America,USCA,Office Supplies,Low,653.56,12.27,2,4,4,66.9,299.29,0,1,33.45
SHP100544,2017-04-10 07:54:43.041520761,Second Class,Eastern Asia,Pacific Asia,Clothing,Medium,1003.87,29.98,5,3,3,90.74,397.01,0,1,18.148
SHP100545,2017-04-10 12:17:38.929464733,Standard Class,Eastern Asia,Europe,Office Supplies,Medium,262.8,5.54,5,4,3,54.53,524.37,0,1,10.906
SHP100546,2017-04-10 16:40:34.817408705,Standard Class,Western Europe,Europe,Technology,High,1938.56,12.27,3,4,2,109.94,328.68,0,1,36.64666666666667
SHP100547,2017-04-10 21:03:30.705352677,First Class,Eastern Asia,USCA,Clothing,Low,997.57,5.01,1,2,2,89.46,148.52,0,1,89.46
SHP100548,2017-04-11 01:26:26.593296649,Standard Class,Oceania,Europe,Technology,High,1076.39,14.95,2,4,5,57.61,230.92,1,0,28.805
SHP100549,2017-04-11 05:49:22.481240620,Standard Class,Eastern Asia,LATAM,Technology,High,1213.67,13.35,5,4,4,102.37,588.95,0,1,20.474
SHP100550,2017-04-11 10:12:18.369184592,First Class,Western Europe,Europe,Office Supplies,Medium,1820.77,28.46,3,2,2,147.72,479.35,0,1,49.24
SHP100551,2017-04-11 14:35:14.257128564,Second Class,Western Europe,Africa,Office Supplies,High,902.26,13.93,3,3,4,88.69,395.1,1,0,29.563333333333333
SHP100552,2017-04-11 18:58:10.145072536,Standard Class,South America,USCA,Office Supplies,High,1265.28,9.75,3,4,6,65.82,288.38,2,0,21.939999999999998
SHP100553,2017-04-11 23:21:06.033016508,Standard Class,Eastern Asia,LATAM,Technology,High,456.39,12.19,6,4,4,86.21,611.17,0,1,14.368333333333332
SHP100554,2017-04-12 03:44:01.920960480,Standard Class,Eastern Asia,Europe,Sports,Medium,2338.01,13.0,4,4,4,136.98,377.72,0,1,34.245
SHP100555,2017-04-12 08:06:57.808904452,First Class,USCA,Africa,Technology,Medium,859.83,4.86,4,2,2,88.91,260.36,0,1,22.2275
SHP100556,2017-04-12 12:29:53.696848424,Second Class,USCA,Pacific Asia,Sports,Medium,454.53,32.004999999999995,2,3,4,126.68,307.64,1,0,63.34
SHP100557,2017-04-12 16:52:49.584792396,Standard Class,Western Europe,Europe,Clothing,Medium,554.83,16.21,4,4,6,81.39,292.71,2,0,20.3475
SHP100558,2017-04-12 21:15:45.472736368,Standard Class,USCA,Africa,Office Supplies,High,122.77,13.67,3,4,4,55.53,364.32,0,1,18.51
SHP100559,2017-04-13 01:38:41.360680340,Standard Class,South America,Africa,Office Supplies,High,552.04,17.09,2,4,5,76.64,405.2,1,0,38.32
SHP100560,2017-04-13 06:01:37.248624312,Same Day,South America,Africa,Technology,High,53.5,18.0,4,1,2,103.83,291.53,1,0,25.9575
SHP100561,2017-04-13 10:24:33.136568284,Standard Class,Oceania,Africa,Sports,Low,1326.89,11.28,3,4,3,81.08,203.3,0,1,27.026666666666667
SHP100562,2017-04-13 14:47:29.024512256,Second Class,Oceania,Pacific Asia,Clothing,Low,1054.36,8.61,3,3,4,98.55,263.2,1,0,32.85
SHP100563,2017-04-13 19:10:24.912456228,Standard Class,Western Europe,USCA,Technology,High,349.73,16.94,5,4,3,72.59,656.87,0,1,14.518
SHP100564,2017-04-13 23:33:20.800400200,Second Class,South America,Africa,Clothing,Medium,756.94,15.06,1,3,1,70.27,194.6,0,1,70.27
SHP100565,2017-04-14 03:56:16.688344172,First Class,South America,USCA,Sports,Medium,781.93,7.8,6,2,3,103.98,366.09,1,0,17.330000000000002
SHP100566,2017-04-14 08:19:12.576288144,Second Class,Oceania,Pacific Asia,Office Supplies,Medium,289.45,26.59,2,3,3,93.36,229.33,0,1,46.68
SHP100567,2017-04-14 12:42:08.464232116,Standard Class,USCA,Pacific Asia,Office Supplies,Low,663.92,14.32,3,4,5,89.8,320.31,1,0,29.933333333333334
SHP100568,2017-04-14 17:05:04.352176088,Second Class,Oceania,LATAM,Sports,High,799.53,18.2,3,3,3,100.66,301.93,0,1,33.553333333333335
SHP100569,2017-04-14 21:28:00.240120060,Second Class,Western Europe,LATAM,Office Supplies,Medium,650.54,26.19,3,3,2,96.79,274.06,0,1,32.263333333333335
SHP100570,2017-04-15 01:50:56.128064032,Standard Class,South America,Africa,Technology,High,454.16,12.33,1,4,4,42.48,216.5,0,1,42.48
SHP100571,2017-04-15 06:13:52.016008004,First Class,Western Europe,USCA,Sports,High,338.25,14.5,2,2,1,97.32,304.1,0,1,48.66
SHP100572,2017-04-15 10:36:47.903951976,Second Class,Oceania,Pacific Asia,Office Supplies,Medium,633.51,19.02,2,3,5,90.84,265.31,2,0,45.42
SHP100573,2017-04-15 14:59:43.791895948,First Class,Eastern Asia,Europe,Sports,Critical,499.79,8.18,2,2,1,72.42,300.01,0,1,36.21
SHP100574,2017-04-15 19:22:39.679839920,Second Class,Oceania,LATAM,Clothing,Medium,1160.6,12.55,2,3,3,91.73,248.31,0,1,45.865
SHP100575,2017-04-15 23:45:35.567783892,Standard Class,South America,LATAM,Technology,High,1892.34,13.05,1,4,3,121.91,229.65,0,1,121.91
SHP100576,2017-04-16 04:08:31.455727864,Standard Class,Western Europe,Europe,Technology,Medium,1443.27,7.2,5,4,5,98.22,319.11,1,0,19.644
SHP100577,2017-04-16 08:31:27.343671836,Standard Class,USCA,USCA,Technology,Medium,818.72,32.004999999999995,4,4,4,129.53,607.52,0,1,32.3825
SHP100578,2017-04-16 12:54:23.231615808,First Class,USCA,USCA,Office Supplies,Medium,468.28,5.62,2,2,2,76.71,201.5,0,1,38.355
SHP100579,2017-04-16 17:17:19.119559780,Second Class,South America,USCA,Clothing,High,1418.05,5.97,2,3,4,87.84,211.89,1,0,43.92
SHP100580,2017-04-16 21:40:15.007503752,Second Class,Oceania,Africa,Office Supplies,Medium,1207.88,25.1,3,3,4,141.03,464.5,1,0,47.01
SHP100581,2017-04-17 02:03:10.895447724,Standard Class,Oceania,Africa,Office Supplies,Medium,1808.96,18.03,1,4,5,112.76,202.99,1,0,112.76
SHP100582,2017-04-17 06:26:06.783391696,Standard Class,Central America,Europe,Sports,High,902.94,6.93,6,4,3,84.31,579.09,0,1,14.051666666666668
SHP100583,2017-04-17 10:49:02.671335668,Second Class,Oceania,Pacific Asia,Technology,Medium,2261.61,17.01,6,3,2,164.54,364.7,0,1,27.423333333333332
SHP100584,2017-04-17 15:11:58.559279640,Standard Class,South America,Europe,Office Supplies,Medium,903.14,27.31,2,4,5,103.83,206.96,1,0,51.915
SHP100585,2017-04-17 19:34:54.447223612,Standard Class,Western Europe,Pacific Asia,Technology,Medium,466.46,11.98,4,4,4,55.87,390.16,0,1,13.9675
SHP100586,2017-04-17 23:57:50.335167584,Second Class,Western Europe,Europe,Clothing,Medium,537.82,32.004999999999995,5,3,4,118.22,551.66,1,0,23.644
SHP100587,2017-04-18 04:20:46.223111556,Standard Class,Central America,Africa,Clothing,Medium,1123.92,4.72,5,4,4,84.43,399.56,0,1,16.886000000000003
SHP100588,2017-04-18 08:43:42.111055528,Standard Class,USCA,USCA,Technology,Medium,498.72,17.84,5,4,5,84.88,406.4,1,0,16.976
SHP100589,2017-04-18 13:06:37.998999500,Standard Class,South America,LATAM,Technology,Critical,2251.83,23.14,4,4,3,160.17,522.21,0,1,40.0425
SHP100590,2017-04-18 17:29:33.886943472,Standard Class,Oceania,Europe,Clothing,High,1061.97,19.89,3,4,7,108.73,463.86,3,0,36.24333333333333
SHP100591,2017-04-18 21:52:29.774887444,Same Day,Eastern Asia,Europe,Clothing,Low,806.01,10.89,3,1,1,109.73,194.37,0,1,36.57666666666667
SHP100592,2017-04-19 02:15:25.662831416,Standard Class,Western Europe,LATAM,Office Supplies,Medium,854.91,10.38,3,4,5,87.11,342.28,1,0,29.036666666666665
SHP100593,2017-04-19 06:38:21.550775388,Standard Class,South America,Europe,Clothing,Critical,645.39,15.55,6,4,4,74.35,516.94,0,1,12.391666666666666
SHP100594,2017-04-19 11:01:17.438719360,Standard Class,Central America,USCA,Office Supplies,High,163.41,19.08,2,4,5,68.42,329.48,1,0,34.21
SHP100595,2017-04-19 15:24:13.326663332,Second Class,Eastern Asia,LATAM,Clothing,High,538.13,16.97,3,3,2,108.67,241.79,0,1,36.223333333333336
SHP100596,2017-04-19 19:47:09.214607304,Standard Class,USCA,LATAM,Office Supplies,Medium,2078.44,21.59,2,4,5,137.41,330.15,1,0,68.705
SHP100597,2017-04-20 00:10:05.102551276,Second Class,South America,USCA,Sports,High,919.98,6.96,1,3,3,61.21,82.49,0,1,61.21
SHP100598,2017-04-20 04:33:00.990495248,Standard Class,Oceania,USCA,Sports,High,1551.42,10.75,5,4,5,101.21,666.05,1,0,20.241999999999997
SHP100599,2017-04-20 08:55:56.878439220,Standard Class,USCA,LATAM,Office Supplies,Medium,1580.17,7.26,2,4,5,110.96,192.59,1,0,55.48
SHP100600,2017-04-20 13:18:52.766383192,Standard Class,Western Europe,USCA,Technology,Medium,762.11,9.85,5,4,3,73.04,298.29,0,1,14.608
SHP100601,2017-04-20 17:41:48.654327164,First Class,Oceania,USCA,Sports,Medium,1221.06,21.29,3,2,2,143.51,326.86,0,1,47.836666666666666
SHP100602,2017-04-20 22:04:44.542271136,First Class,Central America,USCA,Clothing,Medium,182.72,12.93,3,2,3,71.56,156.85,1,0,23.853333333333335
SHP100603,2017-04-21 02:27:40.430215108,Standard Class,Western Europe,LATAM,Technology,High,1973.16,32.004999999999995,3,4,7,154.36,569.3,3,0,51.45333333333334
SHP100604,2017-04-21 06:50:36.318159080,Standard Class,Eastern Asia,Europe,Clothing,High,1872.52,13.55,3,4,4,113.49,174.25,0,1,37.83
SHP100605,2017-04-21 11:13:32.206103052,First Class,Western Europe,Pacific Asia,Sports,High,1103.03,12.59,2,2,3,126.82,229.55,1,0,63.41
SHP100606,2017-04-21 15:36:28.094047024,Standard Class,Oceania,LATAM,Clothing,High,943.3,12.92,1,4,4,74.01,233.32,0,1,74.01
SHP100607,2017-04-21 19:59:23.981990996,First Class,USCA,Pacific Asia,Office Supplies,Medium,769.43,8.58,3,2,5,75.9,431.39,3,0,25.3
SHP100608,2017-04-22 00:22:19.869934968,Standard Class,South America,USCA,Technology,Medium,1667.85,11.8,4,4,2,129.05,327.21,0,1,32.2625
SHP100609,2017-04-22 04:45:15.757878940,First Class,South America,USCA,Sports,High,1315.43,22.65,4,2,3,141.86,443.01,1,0,35.465
SHP100610,2017-04-22 09:08:11.645822912,Second Class,South America,Europe,Technology,Medium,593.87,12.97,4,3,2,90.02,507.67,0,1,22.505
SHP100611,2017-04-22 13:31:07.533766884,First Class,Central America,USCA,Office Supplies,Medium,301.03,7.87,3,2,1,60.75,267.33,0,1,20.25
SHP100612,2017-04-22 17:54:03.421710856,Second Class,Central America,Pacific Asia,Sports,Medium,251.03,7.32,2,3,4,59.29,255.16,1,0,29.645
SHP100613,2017-04-22 22:16:59.309654828,Standard Class,South America,LATAM,Clothing,Low,1656.58,9.51,5,4,5,105.77,503.34,1,0,21.154
SHP100614,2017-04-23 02:39:55.197598800,First Class,Eastern Asia,LATAM,Technology,High,757.38,12.69,1,2,2,86.15,196.61,0,1,86.15
SHP100615,2017-04-23 07:02:51.085542772,Standard Class,Oceania,Europe,Sports,Medium,1090.84,23.49,4,4,4,114.47,413.81,0,1,28.6175
SHP100616,2017-04-23 11:25:46.973486744,Standard Class,Eastern Asia,Pacific Asia,Sports,Medium,828.91,5.83,3,4,8,49.65,380.45,4,0,16.55
SHP100617,2017-04-23 15:48:42.861430716,Second Class,South America,USCA,Office Supplies,Critical,254.19,10.22,4,3,3,58.53,401.6,0,1,14.6325
SHP100618,2017-04-23 20:11:38.749374688,Second Class,Oceania,Africa,Sports,High,187.06,13.19,2,3,4,76.19,323.99,1,0,38.095
SHP100619,2017-04-24 00:34:34.637318660,First Class,Central America,Europe,Sports,High,563.1,4.44,4,2,2,74.17,209.79,0,1,18.5425
SHP100620,2017-04-24 04:57:30.525262632,Standard Class,Western Europe,Europe,Office Supplies,Medium,600.47,7.7,3,4,5,55.94,301.61,1,0,18.646666666666665
SHP100621,2017-04-24 09:20:26.413206604,First Class,Western Europe,Africa,Clothing,High,600.18,8.38,4,2,2,89.9,513.18,0,1,22.475
SHP100622,2017-04-24 13:43:22.301150576,Second Class,Oceania,LATAM,Clothing,High,613.54,7.86,3,3,3,69.78,238.26,0,1,23.26
SHP100623,2017-04-24 18:06:18.189094548,Standard Class,Eastern Asia,LATAM,Sports,Medium,2338.11,13.54,2,4,7,147.44,381.32,3,0,73.72
SHP100624,2017-04-24 22:29:14.077038520,Standard Class,Oceania,LATAM,Clothing,Critical,1536.27,11.15,2,4,6,98.43,220.18,2,0,49.215
SHP100625,2017-04-25 02:52:09.964982492,Standard Class,Eastern Asia,Africa,Office Supplies,Medium,929.16,8.98,4,4,5,63.12,489.58,1,0,15.78
SHP100626,2017-04-25 07:15:05.852926464,Standard Class,USCA,USCA,Clothing,Critical,743.63,15.42,2,4,2,70.16,302.1,0,1,35.08
SHP100627,2017-04-25 11:38:01.740870436,Same Day,Eastern Asia,USCA,Sports,Medium,762.83,31.43,4,1,1,148.68,351.36,0,1,37.17
SHP100628,2017-04-25 16:00:57.628814408,Second Class,Western Europe,Pacific Asia,Office Supplies,Medium,1284.03,30.01,1,3,7,127.29,441.12,4,0,127.29
SHP100629,2017-04-25 20:23:53.516758380,Second Class,Central America,Pacific Asia,Clothing,Low,738.59,4.23,5,3,3,76.97,294.86,0,1,15.394
SHP100630,2017-04-26 00:46:49.404702352,Same Day,South America,LATAM,Technology,Medium,1436.13,16.73,4,1,3,156.14,282.6,2,0,39.035
SHP100631,2017-04-26 05:09:45.292646324,Standard Class,Central America,Africa,Technology,Medium,1000.11,11.05,2,4,6,56.58,141.79,2,0,28.29
SHP100632,2017-04-26 09:32:41.180590296,First Class,South America,Europe,Office Supplies,Critical,2338.11,13.27,3,2,3,172.335,397.15,1,0,57.445
SHP100633,2017-04-26 13:55:37.068534268,Standard Class,USCA,USCA,Clothing,Critical,706.6,9.79,3,4,4,67.03,411.69,0,1,22.343333333333334
SHP100634,2017-04-26 18:18:32.956478240,First Class,Western Europe,Africa,Sports,Critical,1607.33,13.0,2,2,1,117.57,143.98,0,1,58.785
SHP100635,2017-04-26 22:41:28.844422212,Standard Class,South America,Pacific Asia,Technology,Medium,325.86,13.24,5,4,5,74.31,432.1,1,0,14.862
SHP100636,2017-04-27 03:04:24.732366184,First Class,USCA,USCA,Clothing,Critical,477.77,8.86,3,2,2,64.22,219.16,0,1,21.406666666666666
SHP100637,2017-04-27 07:27:20.620310156,Standard Class,Eastern Asia,USCA,Clothing,Medium,2338.11,7.44,3,4,5,111.34,396.14,1,0,37.11333333333334
SHP100638,2017-04-27 11:50:16.508254128,Standard Class,Oceania,Africa,Sports,High,1396.75,9.52,3,4,3,110.68,114.45,0,1,36.89333333333334
SHP100639,2017-04-27 16:13:12.396198100,Second Class,South America,Pacific Asia,Sports,Medium,1104.22,13.86,2,3,3,99.91,227.59,0,1,49.955
SHP100640,2017-04-27 20:36:08.284142072,Standard Class,Central America,Africa,Clothing,Medium,2338.11,16.94,3,4,5,158.9,221.01,1,0,52.96666666666667
SHP100641,2017-04-28 00:59:04.172086044,Second Class,Western Europe,Europe,Sports,Critical,751.4,19.48,4,3,4,102.34,420.69,1,0,25.585
SHP100642,2017-04-28 05:22:00.060030016,Standard Class,Western Europe,USCA,Office Supplies,Critical,1604.87,9.28,3,4,3,96.75,394.0,0,1,32.25
SHP100643,2017-04-28 09:44:55.947973988,Second Class,USCA,Africa,Technology,High,1681.46,14.24,2,3,5,119.81,231.2,2,0,59.905
SHP100644,2017-04-28 14:07:51.835917960,Standard Class,Oceania,Africa,Technology,High,811.27,20.68,1,4,4,137.19,214.24,0,1,137.19
SHP100645,2017-04-28 18:30:47.723861932,Standard Class,Eastern Asia,Europe,Clothing,Medium,293.02,23.13,4,4,3,78.11,486.2,0,1,19.5275
SHP100646,2017-04-28 22:53:43.611805904,Standard Class,Eastern Asia,Africa,Clothing,High,747.77,11.79,3,4,4,76.09,399.84,0,1,25.363333333333333
SHP100647,2017-04-29 03:16:39.499749876,Standard Class,Western Europe,USCA,Sports,Medium,988.19,10.79,1,4,5,73.08,137.14,1,0,73.08
SHP100648,2017-04-29 07:39:35.387693848,Standard Class,Eastern Asia,LATAM,Technology,Low,2122.41,13.53,4,4,5,119.26,323.35,1,0,29.815
SHP100649,2017-04-29 12:02:31.275637820,Standard Class,USCA,LATAM,Sports,Low,1074.11,6.47,2,4,6,62.29,181.28,2,0,31.145
SHP100650,2017-04-29 16:25:27.163581792,Standard Class,Oceania,Pacific Asia,Clothing,Low,1683.79,10.95,6,4,4,123.52,680.9,0,1,20.586666666666666
SHP100651,2017-04-29 20:48:23.051525764,Standard Class,Western Europe,Europe,Clothing,High,269.48,18.35,4,4,4,76.29,414.19,0,1,19.0725
SHP100652,2017-04-30 01:11:18.939469736,Second Class,Eastern Asia,Pacific Asia,Clothing,Low,625.35,17.34,5,3,2,104.93,487.07,0,1,20.986
SHP100653,2017-04-30 05:34:14.827413708,First Class,South America,LATAM,Clothing,Medium,1868.02,10.5,3,2,3,134.81,286.65,1,0,44.93666666666667
SHP100654,2017-04-30 09:57:10.715357680,Standard Class,South America,Europe,Clothing,Medium,688.82,13.73,1,4,5,90.74,176.32,1,0,90.74
SHP100655,2017-04-30 14:20:06.603301652,Second Class,USCA,Africa,Clothing,Medium,792.97,7.74,5,3,3,82.58,600.75,0,1,16.516
SHP100656,2017-04-30 18:43:02.491245624,Second Class,Eastern Asia,Africa,Office Supplies,High,2101.07,17.94,2,3,1,151.24,212.13,0,1,75.62
SHP100657,2017-04-30 23:05:58.379189596,Standard Class,South America,USCA,Office Supplies,High,391.5,11.67,4,4,6,59.61,479.19,2,0,14.9025
SHP100658,2017-05-01 03:28:54.267133568,Second Class,Oceania,LATAM,Sports,Medium,471.53,10.47,4,3,2,66.49,376.94,0,1,16.6225
SHP100659,2017-05-01 07:51:50.155077538,Standard Class,Central America,Africa,Office Supplies,Medium,243.48,9.98,4,4,4,59.19,248.5,0,1,14.7975
SHP100660,2017-05-01 12:14:46.043021510,Standard Class,Oceania,Europe,Sports,Medium,2154.11,11.77,1,4,5,115.71,229.3,1,0,115.71
SHP100661,2017-05-01 16:37:41.930965482,Standard Class,USCA,Africa,Sports,High,1517.95,9.52,4,4,3,100.52,517.96,0,1,25.13
SHP100662,2017-05-01 21:00:37.818909454,Second Class,Oceania,Pacific Asia,Office Supplies,Medium,1493.08,17.5,5,3,2,132.65,496.69,0,1,26.53
SHP100663,2017-05-02 01:23:33.706853426,Second Class,Eastern Asia,Pacific Asia,Technology,Medium,611.98,9.8,4,3,1,73.85,492.66,0,1,18.4625
SHP100664,2017-05-02 05:46:29.594797398,Standard Class,Oceania,Pacific Asia,Sports,High,226.4,29.26,5,4,5,89.12,408.71,1,0,17.824
SHP100665,2017-05-02 10:09:25.482741370,Standard Class,Eastern Asia,Pacific Asia,Clothing,Medium,168.13,27.27,1,4,4,72.68,374.53,0,1,72.68
SHP100666,2017-05-02 14:32:21.370685342,Same Day,Western Europe,Pacific Asia,Sports,High,1876.81,7.46,3,1,5,161.2,388.03,4,0,53.73333333333333
SHP100667,2017-05-02 18:55:17.258629314,Standard Class,Eastern Asia,USCA,Sports,Medium,1154.15,12.66,1,4,3,83.81,254.93,0,1,83.81
SHP100668,2017-05-02 23:18:13.146573286,Standard Class,USCA,Pacific Asia,Technology,High,1305.11,8.52,3,4,3,87.92,266.91,0,1,29.30666666666667
SHP100669,2017-05-03 03:41:09.034517258,First Class,Eastern Asia,USCA,Clothing,Low,956.68,10.18,3,2,2,91.9,373.18,0,1,30.633333333333336
SHP100670,2017-05-03 08:04:04.922461230,Second Class,Western Europe,USCA,Technology,Medium,426.06,32.004999999999995,4,3,4,124.49,277.22,1,0,31.1225
SHP100671,2017-05-03 12:27:00.810405202,Second Class,Central America,Africa,Technology,Medium,633.72,10.29,4,3,3,84.55,266.49,0,1,21.1375
SHP100672,2017-05-03 16:49:56.698349174,First Class,USCA,Europe,Technology,High,342.54,14.85,2,2,3,79.21,237.47,1,0,39.605
SHP100673,2017-05-03 21:12:52.586293146,First Class,Western Europe,Pacific Asia,Sports,Critical,305.93,32.004999999999995,2,2,1,105.55,245.47,0,1,52.775
SHP100674,2017-05-04 01:35:48.474237118,Standard Class,Eastern Asia,Europe,Clothing,Medium,1437.84,7.03,2,4,3,89.01,181.5,0,1,44.505
SHP100675,2017-05-04 05:58:44.362181090,Standard Class,USCA,LATAM,Clothing,High,184.0,7.61,4,4,2,42.53,253.48,0,1,10.6325
SHP100676,2017-05-04 10:21:40.250125062,Standard Class,South America,USCA,Technology,High,344.56,6.28,3,4,2,48.83,387.86,0,1,16.276666666666667
SHP100677,2017-05-04 14:44:36.138069034,Same Day,Eastern Asia,LATAM,Office Supplies,Critical,662.03,7.48,6,1,1,111.32,562.93,0,1,18.55333333333333
SHP100678,2017-05-04 19:07:32.026013006,Second Class,Western Europe,USCA,Clothing,High,846.04,2.54,2,3,3,83.08,156.86,0,1,41.54
SHP100679,2017-05-04 23:30:27.913956978,Standard Class,Eastern Asia,Pacific Asia,Clothing,Low,240.61,16.44,5,4,4,76.91,728.84,0,1,15.382
SHP100680,2017-05-05 03:53:23.801900950,First Class,Western Europe,LATAM,Technology,High,1064.89,32.004999999999995,4,2,4,157.36,471.82,2,0,39.34
SHP100681,2017-05-05 08:16:19.689844922,Standard Class,Oceania,Africa,Sports,Medium,919.64,13.21,2,4,6,94.42,217.22,2,0,47.21
SHP100682,2017-05-05 12:39:15.577788894,Standard Class,Central America,LATAM,Technology,Low,1856.21,5.59,3,4,4,91.19,278.6,0,1,30.396666666666665
SHP100683,2017-05-05 17:02:11.465732866,Standard Class,Central America,USCA,Office Supplies,Medium,856.29,8.55,5,4,2,82.85,248.73,0,1,16.57
SHP100684,2017-05-05 21:25:07.353676838,Standard Class,USCA,USCA,Office Supplies,High,1138.91,9.47,1,4,4,82.32,116.11,0,1,82.32
SHP100685,2017-05-06 01:48:03.241620810,First Class,Western Europe,Europe,Technology,High,446.23,6.96,2,2,2,74.07,117.11,0,1,37.035
SHP100686,2017-05-06 06:10:59.129564782,Standard Class,Central America,LATAM,Office Supplies,High,461.81,19.55,2,4,4,72.32,287.66,0,1,36.16
SHP100687,2017-05-06 10:33:55.017508754,First Class,South America,Africa,Sports,Critical,264.93,19.02,4,2,2,104.82,330.96,0,1,26.205
SHP100688,2017-05-06 14:56:50.905452726,Second Class,USCA,Pacific Asia,Sports,High,449.82,6.45,2,3,3,70.01,247.9,0,1,35.005
SHP100689,2017-05-06 19:19:46.793396698,Standard Class,South America,Europe,Sports,Low,626.64,18.15,2,4,4,64.81,280.76,0,1,32.405
SHP100690,2017-05-06 23:42:42.681340670,Same Day,Central America,LATAM,Office Supplies,Medium,1740.07,28.21,4,1,1,172.335,496.54,0,1,43.08375
SHP100691,2017-05-07 04:05:38.569284642,Standard Class,Western Europe,Europe,Sports,Low,395.71,32.004999999999995,3,4,5,112.07,394.36,1,0,37.35666666666666
SHP100692,2017-05-07 08:28:34.457228614,Standard Class,USCA,LATAM,Technology,Low,2338.11,32.004999999999995,7,4,5,172.335,588.98,1,0,24.619285714285716
SHP100693,2017-05-07 12:51:30.345172586,Standard Class,South America,Pacific Asia,Sports,Medium,1206.81,7.42,5,4,3,78.97,499.35,0,1,15.794
SHP100694,2017-05-07 17:14:26.233116558,First Class,Central America,Pacific Asia,Office Supplies,Medium,1046.23,32.004999999999995,2,2,4,157.61,285.98,2,0,78.805
SHP100695,2017-05-07 21:37:22.121060530,Standard Class,Eastern Asia,Africa,Clothing,High,809.41,10.03,2,4,3,73.84,155.04,0,1,36.92
SHP100696,2017-05-08 02:00:18.009004502,Standard Class,South America,Europe,Office Supplies,High,702.64,8.79,2,4,3,69.87,270.67,0,1,34.935
SHP100697,2017-05-08 06:23:13.896948474,Standard Class,Oceania,Africa,Technology,Medium,505.63,14.58,4,4,5,77.09,283.47,1,0,19.2725
SHP100698,2017-05-08 10:46:09.784892446,Standard Class,USCA,LATAM,Technology,High,231.39,8.85,10,4,4,77.95,538.47,0,1,7.795
SHP100699,2017-05-08 15:09:05.672836418,First Class,South America,Pacific Asia,Office Supplies,Medium,407.34,15.17,4,2,3,102.27,455.8,1,0,25.5675
SHP100700,2017-05-08 19:32:01.560780390,Standard Class,USCA,Pacific Asia,Sports,High,2150.85,5.89,2,4,2,104.08,187.56,0,1,52.04
SHP100701,2017-05-08 23:54:57.448724362,Standard Class,Central America,USCA,Sports,Medium,1157.92,10.68,2,4,6,77.43,190.74,2,0,38.715
SHP100702,2017-05-09 04:17:53.336668334,Standard Class,Central America,USCA,Clothing,Medium,2138.82,24.71,2,4,5,145.53,347.89,1,0,72.765
SHP100703,2017-05-09 08:40:49.224612306,Standard Class,USCA,Africa,Sports,High,495.34,11.81,2,4,3,82.2,183.67,0,1,41.1
SHP100704,2017-05-09 13:03:45.112556278,First Class,Central America,Europe,Technology,Medium,333.97,13.17,3,2,1,84.55,390.12,0,1,28.183333333333334
SHP100705,2017-05-09 17:26:41.000500250,Standard Class,Western Europe,LATAM,Sports,Medium,803.72,15.82,3,4,6,85.38,415.9,2,0,28.459999999999997
SHP100706,2017-05-09 21:49:36.888444222,Same Day,USCA,Africa,Office Supplies,Medium,419.97,23.19,2,1,1,132.5,381.5,0,1,66.25
SHP100707,2017-05-10 02:12:32.776388194,Standard Class,Western Europe,Pacific Asia,Office Supplies,High,925.95,4.9,4,4,4,65.46,496.55,0,1,16.365
SHP100708,2017-05-10 06:35:28.664332166,Standard Class,USCA,Pacific Asia,Clothing,Critical,187.21,16.8,2,4,2,66.97,324.55,0,1,33.485
SHP100709,2017-05-10 10:58:24.552276138,First Class,Eastern Asia,Pacific Asia,Technology,Low,106.2,10.51,1,2,2,68.26,151.22,0,1,68.26
SHP100710,2017-05-10 15:21:20.440220110,Standard Class,Eastern Asia,LATAM,Office Supplies,High,1018.83,13.35,3,4,4,96.44,473.21,0,1,32.14666666666667
SHP100711,2017-05-10 19:44:16.328164082,Second Class,South America,Africa,Technology,Low,2188.69,21.82,7,3,4,154.88,739.08,1,0,22.125714285714285
SHP100712,2017-05-11 00:07:12.216108054,Same Day,Central America,LATAM,Sports,Medium,1049.86,6.32,2,1,1,136.94,257.82,0,1,68.47
SHP100713,2017-05-11 04:30:08.104052026,Standard Class,Eastern Asia,Pacific Asia,Clothing,Medium,1150.01,6.98,3,4,3,75.5,190.28,0,1,25.166666666666668
SHP100714,2017-05-11 08:53:03.991995998,Standard Class,Central America,USCA,Clothing,High,828.43,4.2,2,4,5,64.25,237.82,1,0,32.125
SHP100715,2017-05-11 13:15:59.879939970,Second Class,South America,Africa,Sports,Low,885.26,9.01,4,3,5,87.24,473.7,2,0,21.81
SHP100716,2017-05-11 17:38:55.767883942,Standard Class,Western Europe,USCA,Office Supplies,Medium,220.4,25.32,2,4,3,66.59,449.47,0,1,33.295
SHP100717,2017-05-11 22:01:51.655827914,Standard Class,Eastern Asia,Africa,Technology,Medium,433.14,11.4,2,4,6,66.18,260.99,2,0,33.09
SHP100718,2017-05-12 02:24:47.543771886,Standard Class,Oceania,Pacific Asia,Technology,Low,1728.72,5.83,3,4,5,94.12,115.33,1,0,31.373333333333335
SHP100719,2017-05-12 06:47:43.431715858,Standard Class,Oceania,USCA,Technology,High,616.09,9.33,4,4,6,71.08,357.09,2,0,17.77
SHP100720,2017-05-12 11:10:39.319659830,Second Class,Oceania,USCA,Office Supplies,Medium,1706.46,5.37,2,3,3,97.15,162.64,0,1,48.575
SHP100721,2017-05-12 15:33:35.207603802,Standard Class,Oceania,Africa,Sports,Medium,868.17,6.56,5,4,2,70.36,291.54,0,1,14.072
SHP100722,2017-05-12 19:56:31.095547774,Standard Class,Oceania,USCA,Technology,Medium,899.45,15.09,4,4,4,83.99,400.54,0,1,20.9975
SHP100723,2017-05-13 00:19:26.983491746,Second Class,Oceania,USCA,Office Supplies,Medium,619.66,6.39,4,3,5,78.14,334.85,2,0,19.535
SHP100724,2017-05-13 04:42:22.871435718,Standard Class,Oceania,Pacific Asia,Technology,High,1264.57,22.46,5,4,3,117.97,608.85,0,1,23.594
SHP100725,2017-05-13 09:05:18.759379690,Standard Class,Eastern Asia,Africa,Office Supplies,Low,1471.09,11.72,3,4,4,96.49,269.81,0,1,32.163333333333334
SHP100726,2017-05-13 13:28:14.647323662,First Class,Oceania,Africa,Sports,Medium,413.94,12.77,4,2,2,87.14,314.43,0,1,21.785
SHP100727,2017-05-13 17:51:10.535267634,Standard Class,USCA,Europe,Technology,Medium,241.34,10.45,3,4,1,55.6,251.89,0,1,18.533333333333335
SHP100728,2017-05-13 22:14:06.423211606,Second Class,USCA,Africa,Sports,Medium,131.87,18.64,5,3,5,82.44,605.58,2,0,16.488
SHP100729,2017-05-14 02:37:02.311155578,First Class,Oceania,Pacific Asia,Clothing,High,1113.12,18.74,2,2,1,121.85,182.8,0,1,60.925
SHP100730,2017-05-14 06:59:58.199099550,Standard Class,South America,USCA,Office Supplies,High,1028.78,14.65,3,4,5,105.6,257.17,1,0,35.199999999999996
SHP100731,2017-05-14 11:22:54.087043522,Standard Class,Eastern Asia,Europe,Clothing,Medium,2338.11,16.62,5,4,4,172.335,587.92,0,1,34.467
SHP100732,2017-05-14 15:45:49.974987494,Standard Class,USCA,USCA,Sports,Medium,831.9,10.84,2,4,6,88.95,312.52,2,0,44.475
SHP100733,2017-05-14 20:08:45.862931466,Standard Class,South America,Africa,Sports,High,728.61,16.42,4,4,5,82.42,435.87,1,0,20.605
SHP100734,2017-05-15 00:31:41.750875438,First Class,Central America,LATAM,Sports,High,947.67,10.12,6,2,2,108.94,255.16,0,1,18.156666666666666
SHP100735,2017-05-15 04:54:37.638819410,First Class,Oceania,USCA,Technology,Medium,983.47,12.2,3,2,1,102.33,251.66,0,1,34.11
SHP100736,2017-05-15 09:17:33.526763382,Standard Class,Western Europe,Africa,Technology,High,687.83,10.47,1,4,5,66.15,228.07,1,0,66.15
SHP100737,2017-05-15 13:40:29.414707354,Second Class,Oceania,Pacific Asia,Sports,High,425.38,9.47,2,3,1,64.01,311.16,0,1,32.005
SHP100738,2017-05-15 18:03:25.302651326,First Class,Oceania,Africa,Sports,Medium,800.28,8.34,2,2,3,86.81,272.52,1,0,43.405
SHP100739,2017-05-15 22:26:21.190595298,Same Day,South America,Europe,Technology,Medium,778.78,15.76,1,1,1,104.02,250.07,0,1,104.02
SHP100740,2017-05-16 02:49:17.078539270,Standard Class,Central America,LATAM,Technology,High,769.73,25.05,1,4,6,105.72,196.41,2,0,105.72
SHP100741,2017-05-16 07:12:12.966483242,Standard Class,South America,LATAM,Office Supplies,Medium,1353.11,23.2,5,4,5,116.17,347.93,1,0,23.234
SHP100742,2017-05-16 11:35:08.854427214,Standard Class,Eastern Asia,LATAM,Sports,High,789.96,6.1,4,4,5,79.91,383.73,1,0,19.9775
SHP100743,2017-05-16 15:58:04.742371186,Same Day,Central America,Pacific Asia,Technology,High,246.45,24.76,4,1,2,125.32,294.02,1,0,31.33
SHP100744,2017-05-16 20:21:00.630315158,Standard Class,USCA,LATAM,Technology,High,483.68,10.23,2,4,2,64.14,375.01,0,1,32.07
SHP100745,2017-05-17 00:43:56.518259130,Second Class,Central America,USCA,Clothing,Medium,681.53,16.95,2,3,3,90.04,236.02,0,1,45.02
SHP100746,2017-05-17 05:06:52.406203102,Standard Class,Central America,Pacific Asia,Sports,Medium,816.96,7.4,2,4,5,68.65,238.88,1,0,34.325
SHP100747,2017-05-17 09:29:48.294147074,Standard Class,South America,Africa,Sports,Low,1128.93,13.17,9,4,5,94.64,424.87,1,0,10.515555555555556
SHP100748,2017-05-17 13:52:44.182091046,Standard Class,Oceania,Europe,Technology,High,821.58,14.48,1,4,6,85.95,214.44,2,0,85.95
SHP100749,2017-05-17 18:15:40.070035018,Same Day,Oceania,Pacific Asia,Clothing,High,811.27,5.38,3,1,2,80.7,164.91,1,0,26.900000000000002
SHP100750,2017-05-17 22:38:35.957978990,Standard Class,Oceania,Europe,Office Supplies,High,274.56,17.02,4,4,3,76.58,563.69,0,1,19.145
SHP100751,2017-05-18 03:01:31.845922962,Second Class,Oceania,Pacific Asia,Sports,Low,1181.1,25.54,7,3,3,121.67,765.28,0,1,17.38142857142857
SHP100752,2017-05-18 07:24:27.733866934,Standard Class,Oceania,Africa,Office Supplies,Critical,667.79,11.07,5,4,5,67.0,247.13,1,0,13.4
SHP100753,2017-05-18 11:47:23.621810906,Standard Class,Eastern Asia,Europe,Sports,Critical,872.44,25.74,3,4,2,105.72,387.11,0,1,35.24
SHP100754,2017-05-18 16:10:19.509754878,Standard Class,Western Europe,Pacific Asia,Technology,Medium,606.04,10.98,2,4,6,62.49,250.19,2,0,31.245
SHP100755,2017-05-18 20:33:15.397698850,Standard Class,USCA,Europe,Office Supplies,Medium,482.06,19.44,3,4,5,81.47,481.0,1,0,27.156666666666666
SHP100756,2017-05-19 00:56:11.285642822,Standard Class,Central America,LATAM,Sports,High,622.93,3.6,3,4,6,55.64,403.51,2,0,18.546666666666667
SHP100757,2017-05-19 05:19:07.173586794,Standard Class,Western Europe,LATAM,Office Supplies,High,879.8,32.004999999999995,2,4,3,133.24,497.85,0,1,66.62
SHP100758,2017-05-19 09:42:03.061530766,Standard Class,Eastern Asia,LATAM,Technology,Critical,785.75,27.73,1,4,6,102.78,227.19,2,0,102.78
SHP100759,2017-05-19 14:04:58.949474738,Standard Class,Oceania,USCA,Clothing,Low,1464.86,10.42,1,4,7,86.63,179.68,3,0,86.63
SHP100760,2017-05-19 18:27:54.837418710,Same Day,Eastern Asia,LATAM,Clothing,Medium,203.33,4.12,3,1,1,81.49,367.11,0,1,27.16333333333333
SHP100761,2017-05-19 22:50:50.725362682,First Class,USCA,LATAM,Office Supplies,High,232.14,14.27,5,2,3,100.15,506.04,1,0,20.03
SHP100762,2017-05-20 03:13:46.613306654,Standard Class,USCA,Africa,Office Supplies,High,661.97,5.51,2,4,5,42.32,159.99,1,0,21.16
SHP100763,2017-05-20 07:36:42.501250626,Second Class,Eastern Asia,Europe,Office Supplies,High,1137.56,15.56,1,3,2,105.35,179.71,0,1,105.35
SHP100764,2017-05-20 11:59:38.389194598,First Class,Western Europe,Europe,Sports,Critical,1305.29,15.28,5,2,3,118.64,345.06,1,0,23.728
SHP100765,2017-05-20 16:22:34.277138570,Standard Class,Central America,LATAM,Technology,Medium,497.53,7.26,6,4,5,73.46,597.32,1,0,12.243333333333332
SHP100766,2017-05-20 20:45:30.165082542,First Class,South America,Europe,Office Supplies,High,39.02,22.57,3,2,2,88.6,566.07,0,1,29.53333333333333
SHP100767,2017-05-21 01:08:26.053026514,First Class,South America,Pacific Asia,Clothing,Medium,510.47,18.97,2,2,4,104.76,291.16,2,0,52.38
SHP100768,2017-05-21 05:31:21.940970486,Standard Class,USCA,LATAM,Sports,Medium,1031.0,20.84,4,4,3,101.93,331.16,0,1,25.4825
SHP100769,2017-05-21 09:54:17.828914458,Standard Class,Central America,LATAM,Office Supplies,Medium,775.25,12.24,2,4,3,59.69,251.24,0,1,29.845
SHP100770,2017-05-21 14:17:13.716858430,Same Day,Oceania,USCA,Sports,High,1165.61,5.59,4,1,2,129.63,322.64,1,0,32.4075
SHP100771,2017-05-21 18:40:09.604802402,Standard Class,Eastern Asia,Pacific Asia,Office Supplies,Critical,1690.58,20.86,1,4,5,110.73,260.61,1,0,110.73
SHP100772,2017-05-21 23:03:05.492746374,Standard Class,Oceania,LATAM,Office Supplies,Medium,696.5,10.5,1,4,4,70.99,151.7,0,1,70.99
SHP100773,2017-05-22 03:26:01.380690346,Standard Class,USCA,LATAM,Sports,Low,556.15,5.67,4,4,5,48.66,282.53,1,0,12.165
SHP100774,2017-05-22 07:48:57.268634318,Standard Class,Eastern Asia,Europe,Technology,High,377.99,25.63,4,4,5,89.54,483.72,1,0,22.385
SHP100775,2017-05-22 12:11:53.156578290,Second Class,South America,LATAM,Technology,Medium,230.86,32.004999999999995,2,3,4,106.43,283.67,1,0,53.215
SHP100776,2017-05-22 16:34:49.044522262,Second Class,USCA,LATAM,Clothing,Critical,174.76,11.91,1,3,3,54.63,235.99,0,1,54.63
SHP100777,2017-05-22 20:57:44.932466234,Same Day,USCA,LATAM,Technology,Medium,459.33,32.004999999999995,2,1,2,159.49,393.94,1,0,79.745
SHP100778,2017-05-23 01:20:40.820410206,Standard Class,Central America,LATAM,Technology,Low,1544.93,12.81,1,4,4,97.93,166.59,0,1,97.93
SHP100779,2017-05-23 05:43:36.708354178,Standard Class,Western Europe,USCA,Sports,Medium,1240.9,9.88,2,4,7,80.42,229.84,3,0,40.21
SHP100780,2017-05-23 10:06:32.596298150,Standard Class,USCA,Pacific Asia,Sports,Low,536.03,8.61,1,4,4,57.45,200.26,0,1,57.45
SHP100781,2017-05-23 14:29:28.484242122,Standard Class,Western Europe,USCA,Clothing,Medium,2338.11,29.98,3,4,7,163.93,395.19,3,0,54.64333333333334
SHP100782,2017-05-23 18:52:24.372186094,Standard Class,Central America,Europe,Office Supplies,Low,485.26,7.93,4,4,5,81.33,448.12,1,0,20.3325
SHP100783,2017-05-23 23:15:20.260130066,Same Day,USCA,Africa,Sports,Medium,1793.33,18.25,3,1,1,156.35,190.11,0,1,52.11666666666667
SHP100784,2017-05-24 03:38:16.148074038,First Class,USCA,LATAM,Sports,Low,2064.76,8.96,7,2,4,153.86,449.73,2,0,21.98
SHP100785,2017-05-24 08:01:12.036018010,Standard Class,South America,Europe,Sports,Critical,1078.67,9.46,6,4,5,88.33,722.33,1,0,14.721666666666666
SHP100786,2017-05-24 12:24:07.923961982,Second Class,Eastern Asia,Africa,Technology,Medium,455.86,21.47,2,3,4,100.22,345.91,1,0,50.11
SHP100787,2017-05-24 16:47:03.811905954,Standard Class,Western Europe,LATAM,Sports,Medium,592.5,9.88,3,4,6,65.63,292.22,2,0,21.876666666666665
SHP100788,2017-05-24 21:09:59.699849926,Standard Class,South America,LATAM,Clothing,High,894.82,9.75,3,4,5,68.63,331.89,1,0,22.876666666666665
SHP100789,2017-05-25 01:32:55.587793898,Second Class,USCA,Africa,Clothing,High,237.21,22.72,3,3,3,69.97,445.65,0,1,23.323333333333334
SHP100790,2017-05-25 05:55:51.475737870,Standard Class,Central America,USCA,Sports,Medium,348.18,29.33,4,4,6,76.96,741.79,2,0,19.24
SHP100791,2017-05-25 10:18:47.363681842,Same Day,Oceania,Africa,Office Supplies,High,323.63,17.37,3,1,2,110.95,398.6,1,0,36.983333333333334
SHP100792,2017-05-25 14:41:43.251625814,Second Class,South America,Africa,Office Supplies,High,1134.03,8.5,1,3,4,99.82,184.24,1,0,99.82
SHP100793,2017-05-25 19:04:39.139569786,Standard Class,South America,Pacific Asia,Clothing,High,1680.2,9.2,4,4,2,88.32,343.11,0,1,22.08
SHP100794,2017-05-25 23:27:35.027513758,Second Class,Oceania,LATAM,Office Supplies,High,1273.15,12.73,9,3,4,136.62,430.58,1,0,15.18
SHP100795,2017-05-26 03:50:30.915457730,Standard Class,USCA,LATAM,Technology,High,1505.71,14.53,2,4,4,111.64,294.79,0,1,55.82
SHP100796,2017-05-26 08:13:26.803401702,Standard Class,South America,USCA,Sports,Medium,424.98,7.08,4,4,6,43.47,421.07,2,0,10.8675
SHP100797,2017-05-26 12:36:22.691345674,Standard Class,Western Europe,USCA,Clothing,Medium,613.03,18.13,2,4,5,67.33,380.7,1,0,33.665
SHP100798,2017-05-26 16:59:18.579289646,Standard Class,USCA,Pacific Asia,Technology,High,648.69,12.77,3,4,5,62.33,346.73,1,0,20.776666666666667
SHP100799,2017-05-26 21:22:14.467233618,First Class,Western Europe,Pacific Asia,Clothing,Medium,811.27,4.74,3,2,3,99.38,154.52,1,0,33.126666666666665
SHP100800,2017-05-27 01:45:10.355177590,Standard Class,Western Europe,Pacific Asia,Technology,High,469.67,7.31,2,4,3,52.09,177.05,0,1,26.045
SHP100801,2017-05-27 06:08:06.243121562,First Class,South America,USCA,Clothing,Low,1446.04,9.23,2,2,4,114.39,190.07,2,0,57.195
SHP100802,2017-05-27 10:31:02.131065534,Second Class,USCA,Africa,Clothing,Medium,2028.81,11.7,4,3,6,127.53,280.0,3,0,31.8825
SHP100803,2017-05-27 14:53:58.019009506,Standard Class,South America,LATAM,Technology,Critical,1113.01,32.004999999999995,4,4,5,130.54,628.45,1,0,32.635
SHP100804,2017-05-27 19:16:53.906953478,First Class,South America,LATAM,Sports,Medium,592.67,13.89,3,2,4,103.78,269.04,2,0,34.593333333333334
SHP100805,2017-05-27 23:39:49.794897448,Standard Class,USCA,Europe,Clothing,Critical,394.31,7.67,3,4,4,51.96,355.79,0,1,17.32
SHP100806,2017-05-28 04:02:45.682841420,Standard Class,USCA,USCA,Office Supplies,Critical,324.3,13.75,3,4,4,55.64,188.59,0,1,18.546666666666667
SHP100807,2017-05-28 08:25:41.570785392,Standard Class,USCA,USCA,Sports,High,110.4,10.04,1,4,5,51.36,161.84,1,0,51.36
SHP100808,2017-05-28 12:48:37.458729364,Standard Class,USCA,Pacific Asia,Office Supplies,Medium,663.77,14.56,4,4,5,75.46,452.0,1,0,18.865
SHP100809,2017-05-28 17:11:33.346673336,Standard Class,Central America,Europe,Clothing,High,635.64,16.77,4,4,4,85.39,230.74,0,1,21.3475
SHP100810,2017-05-28 21:34:29.234617308,Second Class,USCA,Europe,Technology,High,811.27,23.69,3,3,4,127.85,320.3,1,0,42.61666666666667
SHP100811,2017-05-29 01:57:25.122561280,Standard Class,Oceania,USCA,Sports,High,494.75,12.02,2,4,5,71.72,178.28,1,0,35.86
SHP100812,2017-05-29 06:20:21.010505252,Standard Class,USCA,Pacific Asia,Technology,High,691.96,30.01,3,4,3,114.83,508.66,0,1,38.276666666666664
SHP100813,2017-05-29 10:43:16.898449224,Same Day,South America,LATAM,Technology,Critical,957.59,20.07,6,1,2,158.43,812.47,1,0,26.405
SHP100814,2017-05-29 15:06:12.786393196,Second Class,Oceania,Pacific Asia,Office Supplies,High,1100.83,8.26,1,3,4,80.92,129.43,1,0,80.92
SHP100815,2017-05-29 19:29:08.674337168,First Class,Eastern Asia,LATAM,Office Supplies,Critical,1285.82,32.004999999999995,1,2,3,148.44,309.28,1,0,148.44
SHP100816,2017-05-29 23:52:04.562281140,Standard Class,Western Europe,USCA,Sports,Low,892.53,14.58,2,4,6,88.35,276.48,2,0,44.175
SHP100817,2017-05-30 04:15:00.450225112,Second Class,Central America,Pacific Asia,Sports,Low,250.46,7.7,3,3,2,59.54,394.09,0,1,19.846666666666668
SHP100818,2017-05-30 08:37:56.338169084,First Class,Oceania,Europe,Sports,Medium,1036.44,30.24,3,2,3,140.9,397.99,1,0,46.96666666666667
SHP100819,2017-05-30 13:00:52.226113056,Second Class,Western Europe,Africa,Office Supplies,Medium,466.48,32.004999999999995,2,3,2,108.07,448.75,0,1,54.035
SHP100820,2017-05-30 17:23:48.114057028,Second Class,Central America,Europe,Office Supplies,High,1730.85,11.96,6,3,2,139.8,483.07,0,1,23.3
SHP100821,2017-05-30 21:46:44.002001000,Standard Class,USCA,LATAM,Technology,Medium,796.27,9.23,1,4,4,74.36,174.71,0,1,74.36
SHP100822,2017-05-31 02:09:39.889944972,Standard Class,Western Europe,USCA,Technology,Critical,930.42,11.08,2,4,3,74.44,201.26,0,1,37.22
SHP100823,2017-05-31 06:32:35.777888944,Standard Class,South America,Pacific Asia,Technology,Medium,2338.11,18.05,3,4,4,172.06,253.6,0,1,57.35333333333333
SHP100824,2017-05-31 10:55:31.665832916,Standard Class,South America,USCA,Sports,Medium,1300.61,24.6,4,4,4,111.6,678.14,0,1,27.9
SHP100825,2017-05-31 15:18:27.553776888,First Class,USCA,USCA,Clothing,Medium,1023.69,16.67,3,2,3,117.54,185.1,1,0,39.18
SHP100826,2017-05-31 19:41:23.441720860,Standard Class,Western Europe,LATAM,Office Supplies,Medium,707.2,12.88,1,4,4,71.92,240.31,0,1,71.92
SHP100827,2017-06-01 00:04:19.329664832,Same Day,USCA,USCA,Sports,Low,270.42,27.77,3,1,1,122.19,459.38,0,1,40.73
SHP100828,2017-06-01 04:27:15.217608804,Same Day,USCA,Pacific Asia,Office Supplies,Low,670.07,10.26,1,1,3,96.21,91.7,2,0,96.21
SHP100829,2017-06-01 08:50:11.105552776,Standard Class,Central America,Europe,Clothing,High,390.22,21.48,3,4,4,78.53,450.4,0,1,26.176666666666666
SHP100830,2017-06-01 13:13:06.993496748,Standard Class,Western Europe,USCA,Office Supplies,Medium,2185.66,10.4,7,4,4,138.5,787.29,0,1,19.785714285714285
SHP100831,2017-06-01 17:36:02.881440720,First Class,Eastern Asia,Pacific Asia,Office Supplies,Medium,1032.98,15.44,4,2,3,117.61,284.0,1,0,29.4025
SHP100832,2017-06-01 21:58:58.769384692,Same Day,USCA,Pacific Asia,Office Supplies,High,1690.64,11.44,1,1,2,143.03,206.87,1,0,143.03
SHP100833,2017-06-02 02:21:54.657328664,Standard Class,Central America,LATAM,Technology,Low,483.56,11.81,4,4,6,56.02,554.5,2,0,14.005
SHP100834,2017-06-02 06:44:50.545272636,Standard Class,Central America,USCA,Clothing,Medium,414.35,9.9,2,4,5,49.61,182.91,1,0,24.805
SHP100835,2017-06-02 11:07:46.433216608,Standard Class,Western Europe,LATAM,Sports,Low,811.27,25.53,2,4,4,119.48,223.97,0,1,59.74
SHP100836,2017-06-02 15:30:42.321160580,Second Class,Oceania,Europe,Sports,Medium,377.04,8.14,5,3,6,59.07,261.12,3,0,11.814
SHP100837,2017-06-02 19:53:38.209104552,Standard Class,USCA,Europe,Sports,High,558.81,8.11,4,4,5,78.11,269.1,1,0,19.5275
SHP100838,2017-06-03 00:16:34.097048524,Second Class,USCA,Pacific Asia,Clothing,Low,2251.16,32.004999999999995,1,3,3,172.335,386.74,0,1,172.335
SHP100839,2017-06-03 04:39:29.984992496,Standard Class,Western Europe,USCA,Office Supplies,High,576.31,20.86,1,4,6,63.94,244.14,2,0,63.94
SHP100840,2017-06-03 09:02:25.872936468,Standard Class,Oceania,Pacific Asia,Sports,High,219.26,3.28,1,4,5,38.61,116.97,1,0,38.61
SHP100841,2017-06-03 13:25:21.760880440,Standard Class,Central America,USCA,Clothing,Low,145.5,8.93,6,4,5,58.21,704.35,1,0,9.701666666666666
SHP100842,2017-06-03 17:48:17.648824412,Standard Class,South America,LATAM,Technology,Critical,193.97,4.5,3,4,7,36.44,188.13,3,0,12.146666666666667
SHP100843,2017-06-03 22:11:13.536768384,Standard Class,USCA,Europe,Clothing,Medium,1754.6,7.22,6,4,4,115.86,454.56,0,1,19.31
SHP100844,2017-06-04 02:34:09.424712356,Standard Class,South America,Europe,Technology,Low,508.05,2.17,1,4,4,36.61,154.21,0,1,36.61
SHP100845,2017-06-04 06:57:05.312656328,Standard Class,USCA,LATAM,Clothing,Low,2338.11,11.3,4,4,5,171.58,490.37,1,0,42.895
SHP100846,2017-06-04 11:20:01.200600300,Standard Class,Western Europe,Africa,Technology,Medium,2043.6,6.5,6,4,6,115.91,488.42,2,0,19.31833333333333
SHP100847,2017-06-04 15:42:57.088544272,Standard Class,USCA,Africa,Sports,Medium,2338.11,12.59,3,4,3,136.28,254.98,0,1,45.42666666666667
SHP100848,2017-06-04 20:05:52.976488244,Same Day,Oceania,Africa,Clothing,Medium,1530.68,4.98,5,1,1,150.13,537.55,0,1,30.026
SHP100849,2017-06-05 00:28:48.864432216,Standard Class,USCA,USCA,Technology,High,1175.53,12.75,3,4,4,98.45,277.69,0,1,32.81666666666667
SHP100850,2017-06-05 04:51:44.752376188,Standard Class,Western Europe,LATAM,Office Supplies,High,401.98,9.7,4,4,3,49.56,271.62,0,1,12.39
SHP100851,2017-06-05 09:14:40.640320160,Second Class,Eastern Asia,USCA,Sports,Medium,782.07,12.27,2,3,3,115.89,289.6,0,1,57.945
SHP100852,2017-06-05 13:37:36.528264132,Same Day,Western Europe,USCA,Sports,High,1255.35,26.48,2,1,2,172.335,294.13,1,0,86.1675
SHP100853,2017-06-05 18:00:32.416208104,Standard Class,Western Europe,LATAM,Technology,Critical,1469.87,18.76,2,4,3,120.54,169.35,0,1,60.27
SHP100854,2017-06-05 22:23:28.304152076,Second Class,Western Europe,USCA,Technology,Low,294.41,10.18,7,3,2,67.94,567.37,0,1,9.705714285714285
SHP100855,2017-06-06 02:46:24.192096048,Second Class,Western Europe,LATAM,Clothing,Medium,678.04,32.004999999999995,2,3,4,136.1,300.17,1,0,68.05
SHP100856,2017-06-06 07:09:20.080040020,Second Class,Oceania,Africa,Technology,Medium,737.51,5.19,5,3,4,86.02,614.93,1,0,17.204
SHP100857,2017-06-06 11:32:15.967983992,Standard Class,USCA,Africa,Office Supplies,Medium,716.19,5.63,2,4,3,48.76,144.87,0,1,24.38
SHP100858,2017-06-06 15:55:11.855927964,Second Class,Oceania,USCA,Office Supplies,Medium,330.91,11.63,4,3,4,74.39,352.43,1,0,18.5975
SHP100859,2017-06-06 20:18:07.743871936,Standard Class,Oceania,Europe,Sports,Medium,2338.11,32.004999999999995,3,4,5,172.335,439.9,1,0,57.445
SHP100860,2017-06-07 00:41:03.631815908,Second Class,Eastern Asia,LATAM,Technology,High,661.09,10.9,2,3,5,68.06,183.87,2,0,34.03
SHP100861,2017-06-07 05:03:59.519759880,Second Class,Eastern Asia,Pacific Asia,Technology,High,352.26,11.01,2,3,5,73.51,306.57,2,0,36.755
SHP100862,2017-06-07 09:26:55.407703852,Standard Class,USCA,Pacific Asia,Office Supplies,Medium,2338.11,5.51,2,4,7,140.15,184.1,3,0,70.075
SHP100863,2017-06-07 13:49:51.295647824,First Class,USCA,USCA,Technology,Low,2044.83,20.5,2,2,2,168.75,385.02,0,1,84.375
SHP100864,2017-06-07 18:12:47.183591796,Standard Class,Western Europe,Europe,Office Supplies,Medium,867.66,20.58,2,4,5,91.87,329.62,1,0,45.935
SHP100865,2017-06-07 22:35:43.071535768,First Class,Oceania,LATAM,Sports,Medium,545.83,18.8,4,2,2,103.42,625.64,0,1,25.855
SHP100866,2017-06-08 02:58:38.959479740,Standard Class,Eastern Asia,Africa,Sports,Medium,178.77,8.62,2,4,5,47.73,198.81,1,0,23.865
SHP100867,2017-06-08 07:21:34.847423712,Standard Class,South America,USCA,Office Supplies,High,1117.19,8.26,1,4,6,65.69,163.56,2,0,65.69
SHP100868,2017-06-08 11:44:30.735367684,Standard Class,Western Europe,LATAM,Office Supplies,Medium,811.27,5.98,2,4,3,47.54,166.84,0,1,23.77
SHP100869,2017-06-08 16:07:26.623311656,Same Day,Central America,LATAM,Sports,Low,768.32,12.76,2,1,1,100.2,307.14,0,1,50.1
SHP100870,2017-06-08 20:30:22.511255628,Standard Class,Oceania,LATAM,Sports,Medium,2304.07,6.72,6,4,6,129.66,466.51,2,0,21.61
SHP100871,2017-06-09 00:53:18.399199600,Standard Class,Western Europe,Europe,Office Supplies,High,486.72,6.38,2,4,6,48.47,280.41,2,0,24.235
SHP100872,2017-06-09 05:16:14.287143572,Standard Class,USCA,LATAM,Clothing,High,1084.93,9.65,2,4,4,83.91,246.71,0,1,41.955
SHP100873,2017-06-09 09:39:10.175087544,Second Class,Western Europe,Europe,Sports,Medium,1310.88,9.31,2,3,4,98.71,281.06,1,0,49.355
SHP100874,2017-06-09 14:02:06.063031516,Standard Class,Central America,Europe,Sports,Medium,1719.83,9.06,5,4,5,97.91,665.18,1,0,19.582
SHP100875,2017-06-09 18:25:01.950975488,Standard Class,USCA,LATAM,Office Supplies,Medium,727.92,15.75,3,4,6,81.12,446.64,2,0,27.040000000000003
SHP100876,2017-06-09 22:47:57.838919460,Standard Class,South America,Africa,Office Supplies,Medium,672.84,12.72,4,4,5,68.03,417.38,1,0,17.0075
SHP100877,2017-06-10 03:10:53.726863432,Standard Class,Eastern Asia,LATAM,Office Supplies,Critical,661.09,10.4,2,4,6,79.75,144.4,2,0,39.875
SHP100878,2017-06-10 07:33:49.614807404,Standard Class,Eastern Asia,Africa,Clothing,High,1014.26,13.47,2,4,8,75.16,207.0,4,0,37.58
SHP100879,2017-06-10 11:56:45.502751376,Standard Class,Central America,USCA,Office Supplies,High,1990.35,7.06,2,4,5,101.14,290.57,1,0,50.57
SHP100880,2017-06-10 16:19:41.390695348,Second Class,Central America,Pacific Asia,Clothing,Medium,638.49,12.91,2,3,4,71.46,221.04,1,0,35.73
SHP100881,2017-06-10 20:42:37.278639320,Standard Class,Eastern Asia,USCA,Office Supplies,Medium,53.46,13.23,1,4,5,36.29,186.56,1,0,36.29
SHP100882,2017-06-11 01:05:33.166583292,Standard Class,South America,Europe,Office Supplies,High,1408.57,5.33,5,4,4,89.66,366.45,0,1,17.932
SHP100883,2017-06-11 05:28:29.054527264,Standard Class,South America,USCA,Clothing,Medium,823.07,21.07,5,4,7,86.02,291.07,3,0,17.204
SHP100884,2017-06-11 09:51:24.942471236,Same Day,Western Europe,Pacific Asia,Technology,Critical,1118.89,7.5,9,1,2,136.47,513.59,1,0,15.163333333333334
SHP100885,2017-06-11 14:14:20.830415208,Same Day,Central America,Pacific Asia,Sports,Medium,185.75,12.8,6,1,1,111.42,547.81,0,1,18.57
SHP100886,2017-06-11 18:37:16.718359180,First Class,Central America,Africa,Office Supplies,Low,517.91,23.11,4,2,2,108.92,390.19,0,1,27.23
SHP100887,2017-06-11 23:00:12.606303152,Standard Class,Central America,USCA,Technology,High,1333.8,20.27,6,4,6,96.34,395.18,2,0,16.05666666666667
SHP100888,2017-06-12 03:23:08.494247124,Standard Class,USCA,Europe,Clothing,Low,262.04,12.41,1,4,5,64.02,129.21,1,0,64.02
SHP100889,2017-06-12 07:46:04.382191096,Standard Class,Eastern Asia,Europe,Office Supplies,Medium,1083.26,9.98,2,4,4,81.28,272.15,0,1,40.64
SHP100890,2017-06-12 12:09:00.270135068,Standard Class,Eastern Asia,Africa,Clothing,Medium,763.73,20.51,5,4,5,96.66,415.65,1,0,19.332
SHP100891,2017-06-12 16:31:56.158079040,Standard Class,Eastern Asia,Africa,Clothing,High,433.5,17.66,2,4,3,67.87,317.44,0,1,33.935
SHP100892,2017-06-12 20:54:52.046023012,Second Class,South America,USCA,Clothing,Medium,404.91,8.67,1,3,4,69.58,217.64,1,0,69.58
SHP100893,2017-06-13 01:17:47.933966984,First Class,Eastern Asia,Africa,Technology,Low,333.62,7.87,2,2,3,82.28,200.28,1,0,41.14
SHP100894,2017-06-13 05:40:43.821910956,First Class,Western Europe,Pacific Asia,Clothing,Medium,819.93,3.9,3,2,4,95.55,379.36,2,0,31.849999999999998
SHP100895,2017-06-13 10:03:39.709854928,Standard Class,USCA,Europe,Sports,Medium,889.67,13.26,1,4,4,77.92,189.98,0,1,77.92
SHP100896,2017-06-13 14:26:35.597798900,Second Class,Eastern Asia,Pacific Asia,Office Supplies,High,591.69,11.64,5,3,2,71.78,271.03,0,1,14.356
SHP100897,2017-06-13 18:49:31.485742872,Standard Class,USCA,LATAM,Office Supplies,Medium,315.67,22.76,3,4,3,81.16,358.46,0,1,27.05333333333333
SHP100898,2017-06-13 23:12:27.373686844,Standard Class,USCA,Pacific Asia,Sports,High,1062.14,14.84,5,4,3,96.8,452.31,0,1,19.36
SHP100899,2017-06-14 03:35:23.261630816,Second Class,South America,Europe,Office Supplies,Medium,1425.51,25.38,4,3,5,130.63,459.12,2,0,32.6575
SHP100900,2017-06-14 07:58:19.149574788,Standard Class,Central America,LATAM,Sports,High,1195.66,8.3,4,4,6,77.57,421.29,2,0,19.3925
SHP100901,2017-06-14 12:21:15.037518760,Standard Class,USCA,USCA,Technology,High,2338.11,22.78,2,4,5,161.87,226.02,1,0,80.935
SHP100902,2017-06-14 16:44:10.925462732,Standard Class,Western Europe,LATAM,Clothing,High,683.66,9.11,3,4,6,65.14,348.26,2,0,21.713333333333335
SHP100903,2017-06-14 21:07:06.813406704,Second Class,South America,Africa,Technology,Low,1867.17,18.68,5,3,4,137.97,229.4,1,0,27.594
SHP100904,2017-06-15 01:30:02.701350676,Second Class,Oceania,Europe,Sports,Medium,468.68,5.46,3,3,3,78.79,404.47,0,1,26.263333333333335
SHP100905,2017-06-15 05:52:58.589294648,Standard Class,USCA,Africa,Clothing,High,409.01,13.86,2,4,4,68.32,210.66,0,1,34.16
SHP100906,2017-06-15 10:15:54.477238620,First Class,USCA,Pacific Asia,Technology,Low,856.52,4.09,4,2,2,94.25,488.14,0,1,23.5625
SHP100907,2017-06-15 14:38:50.365182592,Standard Class,Central America,USCA,Clothing,Medium,2134.66,32.004999999999995,5,4,3,135.11,291.88,0,1,27.022000000000002
SHP100908,2017-06-15 19:01:46.253126564,Standard Class,Eastern Asia,Europe,Clothing,Critical,628.19,15.52,4,4,5,80.9,323.54,1,0,20.225
SHP100909,2017-06-15 23:24:42.141070536,Second Class,South America,USCA,Technology,Medium,185.6,9.15,2,3,3,51.62,202.34,0,1,25.81
SHP100910,2017-06-16 03:47:38.029014508,Second Class,Oceania,Europe,Office Supplies,Critical,1407.78,6.84,5,3,4,100.57,617.55,1,0,20.113999999999997
SHP100911,2017-06-16 08:10:33.916958480,Same Day,South America,Africa,Sports,Low,740.18,19.4,1,1,2,132.92,200.27,1,0,132.92
SHP100912,2017-06-16 12:33:29.804902452,Standard Class,Eastern Asia,Pacific Asia,Technology,High,968.23,11.51,3,4,4,85.73,335.5,0,1,28.576666666666668
SHP100913,2017-06-16 16:56:25.692846424,Second Class,South America,LATAM,Technology,Medium,426.89,9.31,4,3,2,75.71,465.07,0,1,18.9275
SHP100914,2017-06-16 21:19:21.580790396,Second Class,Oceania,USCA,Office Supplies,Medium,850.81,12.47,2,3,4,76.98,268.67,1,0,38.49
SHP100915,2017-06-17 01:42:17.468734368,First Class,South America,Europe,Sports,Critical,214.41,32.004999999999995,6,2,3,135.82,606.06,1,0,22.636666666666667
SHP100916,2017-06-17 06:05:13.356678340,Standard Class,Western Europe,Europe,Technology,Low,2338.11,22.98,2,4,3,148.65,398.03,0,1,74.325
SHP100917,2017-06-17 10:28:09.244622312,Second Class,Western Europe,USCA,Clothing,High,1581.42,23.09,2,3,4,137.31,310.18,1,0,68.655
SHP100918,2017-06-17 14:51:05.132566284,Second Class,Eastern Asia,LATAM,Sports,High,823.59,15.48,2,3,4,84.22,227.48,1,0,42.11
SHP100919,2017-06-17 19:14:01.020510256,Standard Class,Oceania,Pacific Asia,Office Supplies,Medium,1382.22,13.35,2,4,4,113.1,237.04,0,1,56.55
SHP100920,2017-06-17 23:36:56.908454228,Standard Class,Oceania,Europe,Technology,High,469.66,3.26,3,4,4,50.04,400.4,0,1,16.68
SHP100921,2017-06-18 03:59:52.796398200,Standard Class,Oceania,Europe,Clothing,Medium,1535.98,8.39,4,4,5,93.1,548.37,1,0,23.275
SHP100922,2017-06-18 08:22:48.684342172,Second Class,Oceania,USCA,Sports,High,607.16,9.35,4,3,2,83.9,344.1,0,1,20.975
SHP100923,2017-06-18 12:45:44.572286144,First Class,Oceania,USCA,Technology,Medium,574.44,4.34,4,2,3,88.65,474.85,1,0,22.1625
SHP100924,2017-06-18 17:08:40.460230116,Second Class,Central America,Europe,Sports,High,353.72,6.45,1,3,2,62.19,86.85,0,1,62.19
SHP100925,2017-06-18 21:31:36.348174088,Second Class,South America,Europe,Clothing,High,1053.06,4.1,2,3,5,70.28,211.45,2,0,35.14
SHP100926,2017-06-19 01:54:32.236118060,Standard Class,USCA,Europe,Clothing,Low,797.98,11.93,5,4,7,90.18,344.27,3,0,18.036
SHP100927,2017-06-19 06:17:28.124062032,Standard Class,Oceania,Africa,Sports,High,1905.65,19.11,3,4,4,123.5,225.63,0,1,41.166666666666664
SHP100928,2017-06-19 10:40:24.012006004,Standard Class,USCA,Europe,Clothing,Medium,318.73,22.39,2,4,5,74.32,417.04,1,0,37.16
SHP100929,2017-06-19 15:03:19.899949976,Standard Class,Western Europe,Pacific Asia,Clothing,Medium,1056.35,15.3,2,4,4,67.64,279.52,0,1,33.82
SHP100930,2017-06-19 19:26:15.787893948,Standard Class,USCA,Pacific Asia,Sports,Medium,1681.8,7.17,7,4,6,103.1,358.41,2,0,14.728571428571428
SHP100931,2017-06-19 23:49:11.675837920,Standard Class,USCA,LATAM,Sports,Low,900.92,4.21,3,4,3,60.38,256.25,0,1,20.12666666666667
SHP100932,2017-06-20 04:12:07.563781892,Standard Class,South America,USCA,Office Supplies,Medium,598.3,4.64,4,4,5,61.34,304.8,1,0,15.335
SHP100933,2017-06-20 08:35:03.451725864,Standard Class,USCA,LATAM,Technology,Medium,884.7,6.06,2,4,3,60.15,329.32,0,1,30.075
SHP100934,2017-06-20 12:57:59.339669836,Standard Class,Eastern Asia,Europe,Office Supplies,Medium,1809.17,7.47,3,4,4,87.68,368.6,0,1,29.22666666666667
SHP100935,2017-06-20 17:20:55.227613808,Standard Class,Eastern Asia,USCA,Office Supplies,Medium,1808.69,11.16,4,4,3,113.58,341.69,0,1,28.395
SHP100936,2017-06-20 21:43:51.115557780,Standard Class,Oceania,Europe,Office Supplies,Medium,718.18,6.97,3,4,5,60.94,368.53,1,0,20.313333333333333
SHP100937,2017-06-21 02:06:47.003501752,First Class,Central America,USCA,Office Supplies,High,1788.6,14.68,3,2,2,132.97,270.05,0,1,44.32333333333333
SHP100938,2017-06-21 06:29:42.891445724,First Class,Central America,Africa,Technology,High,770.95,10.72,5,2,3,102.57,507.43,1,0,20.514
SHP100939,2017-06-21 10:52:38.779389696,Second Class,South America,Africa,Sports,Medium,1372.07,12.25,2,3,3,89.06,270.4,0,1,44.53
SHP100940,2017-06-21 15:15:34.667333668,Standard Class,Central America,Africa,Clothing,High,1141.44,22.81,3,4,4,112.09,381.06,0,1,37.36333333333334
SHP100941,2017-06-21 19:38:30.555277640,Second Class,USCA,LATAM,Clothing,High,580.0,6.37,4,3,4,70.11,373.67,1,0,17.5275
SHP100942,2017-06-22 00:01:26.443221612,First Class,Eastern Asia,USCA,Office Supplies,High,364.88,15.34,2,2,2,85.97,266.98,0,1,42.985
SHP100943,2017-06-22 04:24:22.331165584,Second Class,Oceania,LATAM,Sports,Medium,1710.38,12.09,4,3,4,130.2,304.61,1,0,32.55
SHP100944,2017-06-22 08:47:18.219109556,Standard Class,Western Europe,USCA,Sports,Low,2021.08,10.14,5,4,6,114.67,474.88,2,0,22.934
SHP100945,2017-06-22 13:10:14.107053528,Second Class,USCA,Europe,Clothing,High,1039.24,19.82,5,3,3,116.88,681.82,0,1,23.375999999999998
SHP100946,2017-06-22 17:33:09.994997500,First Class,Eastern Asia,Africa,Office Supplies,High,770.2,19.76,3,2,4,111.85,310.32,2,0,37.28333333333333
SHP100947,2017-06-22 21:56:05.882941472,Second Class,Eastern Asia,Africa,Office Supplies,Low,283.39,7.24,2,3,5,86.89,278.6,2,0,43.445
SHP100948,2017-06-23 02:19:01.770885444,Second Class,South America,USCA,Office Supplies,Medium,1682.08,11.02,1,3,3,115.61,190.8,0,1,115.61
SHP100949,2017-06-23 06:41:57.658829416,Standard Class,USCA,LATAM,Technology,High,958.05,14.22,4,4,3,76.86,270.93,0,1,19.215
SHP100950,2017-06-23 11:04:53.546773388,Standard Class,Central America,LATAM,Office Supplies,High,644.62,10.48,3,4,5,82.7,271.5,1,0,27.566666666666666
SHP100951,2017-06-23 15:27:49.434717358,Standard Class,Western Europe,Pacific Asia,Technology,High,1397.79,16.81,1,4,4,109.06,270.18,0,1,109.06
SHP100952,2017-06-23 19:50:45.322661330,Second Class,Western Europe,Africa,Clothing,Low,237.51,14.22,9,3,6,86.81,848.94,3,0,9.645555555555555
SHP100953,2017-06-24 00:13:41.210605302,Standard Class,Central America,Africa,Technology,Medium,338.68,32.004999999999995,3,4,5,93.5,251.61,1,0,31.166666666666668
SHP100954,2017-06-24 04:36:37.098549274,Standard Class,Oceania,LATAM,Sports,Low,455.85,5.25,1,4,4,33.97,195.18,0,1,33.97
SHP100955,2017-06-24 08:59:32.986493246,Standard Class,Central America,Africa,Sports,Medium,1117.41,11.39,5,4,3,93.98,529.82,0,1,18.796
SHP100956,2017-06-24 13:22:28.874437218,Standard Class,Oceania,LATAM,Clothing,Low,891.63,7.39,5,4,6,68.94,419.5,2,0,13.788
SHP100957,2017-06-24 17:45:24.762381190,Standard Class,Western Europe,Pacific Asia,Office Supplies,High,1207.54,16.98,4,4,4,92.91,516.3,0,1,23.2275
SHP100958,2017-06-24 22:08:20.650325162,Second Class,USCA,USCA,Clothing,Medium,1608.74,5.01,5,3,4,114.79,256.04,1,0,22.958000000000002
SHP100959,2017-06-25 02:31:16.538269134,First Class,South America,USCA,Sports,High,1236.74,14.74,4,2,4,136.72,372.23,2,0,34.18
SHP100960,2017-06-25 06:54:12.426213106,Standard Class,Eastern Asia,Pacific Asia,Office Supplies,Low,2338.11,12.27,2,4,4,120.24,260.74,0,1,60.12
SHP100961,2017-06-25 11:17:08.314157078,Standard Class,USCA,Africa,Sports,Medium,1606.31,8.14,2,4,4,101.12,318.21,0,1,50.56
SHP100962,2017-06-25 15:40:04.202101050,Standard Class,Western Europe,Europe,Clothing,Medium,716.93,5.5,4,4,4,64.9,270.0,0,1,16.225
SHP100963,2017-06-25 20:03:00.090045022,First Class,Western Europe,Africa,Office Supplies,Medium,515.19,9.43,3,2,3,88.74,267.5,1,0,29.58
SHP100964,2017-06-26 00:25:55.977988994,Standard Class,Western Europe,LATAM,Clothing,High,733.19,22.12,4,4,5,86.11,502.59,1,0,21.5275
SHP100965,2017-06-26 04:48:51.865932966,Standard Class,Eastern Asia,Europe,Sports,Medium,1265.63,12.01,5,4,4,94.51,409.47,0,1,18.902
SHP100966,2017-06-26 09:11:47.753876938,Standard Class,Oceania,Pacific Asia,Office Supplies,Medium,559.72,17.21,5,4,5,71.19,271.56,1,0,14.238
SHP100967,2017-06-26 13:34:43.641820910,Second Class,South America,USCA,Sports,Low,1288.96,30.43,4,3,3,128.89,587.71,0,1,32.2225
SHP100968,2017-06-26 17:57:39.529764882,First Class,USCA,USCA,Office Supplies,Low,1192.78,14.08,4,2,1,124.76,388.75,0,1,31.19
SHP100969,2017-06-26 22:20:35.417708854,First Class,USCA,Africa,Technology,High,360.4,8.96,6,2,3,82.02,231.87,1,0,13.67
SHP100970,2017-06-27 02:43:31.305652826,Second Class,South America,USCA,Technology,Medium,1586.86,15.75,2,3,6,110.66,254.97,3,0,55.33
SHP100971,2017-06-27 07:06:27.193596798,Standard Class,South America,Africa,Sports,High,1014.21,9.03,4,4,3,68.87,254.64,0,1,17.2175
SHP100972,2017-06-27 11:29:23.081540770,Standard Class,Oceania,LATAM,Clothing,High,2338.11,9.23,2,4,4,109.38,157.92,0,1,54.69
SHP100973,2017-06-27 15:52:18.969484742,Standard Class,USCA,LATAM,Technology,Low,772.91,5.28,3,4,3,44.45,290.43,0,1,14.816666666666668
SHP100974,2017-06-27 20:15:14.857428714,Standard Class,Central America,Pacific Asia,Technology,Low,622.58,20.28,3,4,5,84.79,322.22,1,0,28.263333333333335
SHP100975,2017-06-28 00:38:10.745372686,Standard Class,Central America,LATAM,Office Supplies,High,321.48,9.85,3,4,5,30.84,247.14,1,0,10.28
SHP100976,2017-06-28 05:01:06.633316658,Standard Class,South America,Africa,Office Supplies,High,317.03,13.47,2,4,4,62.58,284.97,0,1,31.29
SHP100977,2017-06-28 09:24:02.521260630,Standard Class,Western Europe,USCA,Office Supplies,Medium,1465.52,6.89,3,4,3,93.38,196.04,0,1,31.126666666666665
SHP100978,2017-06-28 13:46:58.409204602,First Class,Western Europe,LATAM,Sports,Low,2232.26,15.48,5,2,3,160.61,547.65,1,0,32.122
SHP100979,2017-06-28 18:09:54.297148574,Second Class,Eastern Asia,LATAM,Clothing,Low,725.58,8.01,3,3,2,77.98,428.51,0,1,25.993333333333336
SHP100980,2017-06-28 22:32:50.185092546,First Class,Central America,Africa,Clothing,Medium,691.06,11.27,2,2,3,89.9,239.46,1,0,44.95
SHP100981,2017-06-29 02:55:46.073036518,Second Class,Western Europe,LATAM,Office Supplies,Low,824.89,19.74,2,3,5,101.44,349.89,2,0,50.72
SHP100982,2017-06-29 07:18:41.960980490,Standard Class,South America,USCA,Sports,Medium,1657.57,18.82,3,4,3,119.31,368.73,0,1,39.77
SHP100983,2017-06-29 11:41:37.848924462,Second Class,Eastern Asia,USCA,Office Supplies,Medium,363.18,12.04,5,3,2,88.59,206.43,0,1,17.718
SHP100984,2017-06-29 16:04:33.736868434,Standard Class,Central America,USCA,Clothing,Low,928.89,4.61,3,4,6,80.1,322.33,2,0,26.7
SHP100985,2017-06-29 20:27:29.624812406,Second Class,Eastern Asia,USCA,Sports,Low,1487.3,32.004999999999995,2,3,3,163.58,379.23,0,1,81.79
SHP100986,2017-06-30 00:50:25.512756378,Standard Class,Western Europe,Europe,Office Supplies,High,1108.13,31.82,3,4,6,114.39,234.9,2,0,38.13
SHP100987,2017-06-30 05:13:21.400700350,Same Day,South America,USCA,Office Supplies,Medium,30.94,18.13,4,1,1,113.53,409.52,0,1,28.3825
SHP100988,2017-06-30 09:36:17.288644322,Standard Class,South America,Europe,Clothing,Critical,1240.86,8.05,3,4,4,87.98,378.51,0,1,29.326666666666668
SHP100989,2017-06-30 13:59:13.176588294,Standard Class,South America,USCA,Sports,Medium,1115.45,11.44,2,4,5,76.8,173.83,1,0,38.4
SHP100990,2017-06-30 18:22:09.064532266,First Class,Western Europe,USCA,Clothing,High,1865.93,9.04,8,2,1,136.59,582.63,0,1,17.07375
SHP100991,2017-06-30 22:45:04.952476238,Standard Class,Oceania,Africa,Sports,Medium,2120.81,24.41,2,4,5,137.78,315.0,1,0,68.89
SHP100992,2017-07-01 03:08:00.840420210,Second Class,USCA,USCA,Sports,Medium,1806.48,14.07,2,3,3,114.01,349.87,0,1,57.005
SHP100993,2017-07-01 07:30:56.728364182,Second Class,USCA,LATAM,Office Supplies,Low,828.09,7.91,1,3,2,63.23,153.55,0,1,63.23
SHP100994,2017-07-01 11:53:52.616308154,First Class,South America,USCA,Clothing,Low,177.22,9.4,7,2,3,88.11,756.02,1,0,12.587142857142856
SHP100995,2017-07-01 16:16:48.504252126,Same Day,USCA,Pacific Asia,Sports,Critical,687.34,22.57,2,1,1,132.98,242.42,0,1,66.49
SHP100996,2017-07-01 20:39:44.392196098,Same Day,Oceania,Africa,Technology,Medium,809.29,29.37,3,1,1,151.94,323.89,0,1,50.64666666666667
SHP100997,2017-07-02 01:02:40.280140070,Standard Class,South America,Africa,Office Supplies,High,2214.37,28.24,3,4,3,162.17,332.81,0,1,54.056666666666665
SHP100998,2017-07-02 05:25:36.168084042,First Class,Oceania,USCA,Clothing,Medium,430.47,18.47,4,2,4,99.56,452.33,2,0,24.89
SHP100999,2017-07-02 09:48:32.056028014,Second Class,Central America,Pacific Asia,Sports,Medium,244.29,10.6,4,3,5,75.11,504.87,2,0,18.7775
SHP101000,2017-07-02 14:11:27.943971986,Second Class,USCA,USCA,Office Supplies,Medium,562.56,2.05,3,3,5,90.74,398.48,2,0,30.246666666666666
SHP101001,2017-07-02 18:34:23.831915958,Standard Class,Central America,LATAM,Clothing,High,450.01,14.35,4,4,4,62.87,431.99,0,1,15.7175
SHP101002,2017-07-02 22:57:19.719859930,Second Class,South America,Africa,Clothing,Medium,222.23,12.17,3,3,2,67.31,360.4,0,1,22.436666666666667
SHP101003,2017-07-03 03:20:15.607803902,Same Day,Eastern Asia,Africa,Office Supplies,High,737.27,13.16,7,1,4,149.08,579.13,3,0,21.29714285714286
SHP101004,2017-07-03 07:43:11.495747874,First Class,Eastern Asia,Pacific Asia,Sports,Low,832.26,12.55,1,2,2,108.79,176.31,0,1,108.79
SHP101005,2017-07-03 12:06:07.383691846,Standard Class,Western Europe,Europe,Office Supplies,High,209.78,5.87,7,4,4,63.3,531.62,0,1,9.042857142857143
SHP101006,2017-07-03 16:29:03.271635818,Standard Class,Central America,Pacific Asia,Technology,Medium,619.62,16.55,4,4,5,67.13,426.55,1,0,16.7825
SHP101007,2017-07-03 20:51:59.159579790,Standard Class,Central America,LATAM,Office Supplies,Medium,426.75,17.25,4,4,6,75.29,574.09,2,0,18.8225
SHP101008,2017-07-04 01:14:55.047523762,First Class,Eastern Asia,Pacific Asia,Clothing,Medium,851.87,17.73,4,2,2,122.12,424.51,0,1,30.53
SHP101009,2017-07-04 05:37:50.935467734,Second Class,South America,Europe,Technology,Medium,912.81,20.5,2,3,5,122.62,395.05,2,0,61.31
SHP101010,2017-07-04 10:00:46.823411706,Standard Class,Western Europe,LATAM,Technology,Low,426.82,16.98,5,4,6,60.86,564.95,2,0,12.172
SHP101011,2017-07-04 14:23:42.711355678,Standard Class,Central America,LATAM,Sports,Medium,1577.72,9.72,1,4,3,99.8,107.25,0,1,99.8
SHP101012,2017-07-04 18:46:38.599299650,Standard Class,Western Europe,Europe,Office Supplies,Medium,796.29,11.72,4,4,4,86.54,240.66,0,1,21.635
SHP101013,2017-07-04 23:09:34.487243622,Standard Class,Central America,USCA,Sports,Medium,443.71,12.81,4,4,6,70.65,183.89,2,0,17.6625
SHP101014,2017-07-05 03:32:30.375187594,First Class,Oceania,Pacific Asia,Office Supplies,Medium,196.68,12.93,3,2,1,68.5,290.41,0,1,22.833333333333332
SHP101015,2017-07-05 07:55:26.263131566,Second Class,Oceania,LATAM,Clothing,Low,947.49,21.09,3,3,3,110.91,210.04,0,1,36.97
SHP101016,2017-07-05 12:18:22.151075538,Standard Class,Western Europe,Pacific Asia,Sports,Low,1113.65,17.36,3,4,3,99.58,342.7,0,1,33.193333333333335
SHP101017,2017-07-05 16:41:18.039019510,Standard Class,Eastern Asia,Europe,Clothing,Critical,538.19,32.004999999999995,2,4,4,106.44,500.55,0,1,53.22
SHP101018,2017-07-05 21:04:13.926963482,Standard Class,Eastern Asia,Africa,Clothing,Critical,871.29,32.004999999999995,2,4,4,110.33,526.78,0,1,55.165
SHP101019,2017-07-06 01:27:09.814907454,Same Day,Central America,Europe,Technology,Medium,2120.75,12.73,5,1,1,165.36,602.2,0,1,33.072
SHP101020,2017-07-06 05:50:05.702851426,Standard Class,USCA,Pacific Asia,Sports,Critical,1419.45,1.48,5,4,4,86.94,198.53,0,1,17.387999999999998
SHP101021,2017-07-06 10:13:01.590795398,Standard Class,Oceania,LATAM,Office Supplies,High,84.03,24.05,3,4,3,65.65,432.72,0,1,21.883333333333336
SHP101022,2017-07-06 14:35:57.478739370,Standard Class,Oceania,Pacific Asia,Sports,Low,439.5,9.05,2,4,7,48.79,230.96,3,0,24.395
SHP101023,2017-07-06 18:58:53.366683342,Second Class,Western Europe,Africa,Clothing,Low,711.07,7.84,2,3,6,72.74,304.89,3,0,36.37
SHP101024,2017-07-06 23:21:49.254627314,Second Class,USCA,LATAM,Technology,High,828.93,9.79,6,3,2,93.06,349.03,0,1,15.51
SHP101025,2017-07-07 03:44:45.142571286,Second Class,Western Europe,Africa,Sports,High,884.82,9.53,5,3,5,99.97,387.12,2,0,19.994
SHP101026,2017-07-07 08:07:41.030515258,Standard Class,Eastern Asia,USCA,Technology,High,1065.92,17.06,5,4,4,87.75,572.67,0,1,17.55
SHP101027,2017-07-07 12:30:36.918459230,Standard Class,Eastern Asia,Europe,Technology,High,728.78,5.17,4,4,5,51.15,360.49,1,0,12.7875
SHP101028,2017-07-07 16:53:32.806403202,Standard Class,USCA,USCA,Clothing,Medium,794.87,6.73,3,4,4,62.0,382.57,0,1,20.666666666666668
SHP101029,2017-07-07 21:16:28.694347174,Second Class,USCA,Pacific Asia,Sports,Low,1467.98,14.71,3,3,3,99.16,271.32,0,1,33.053333333333335
SHP101030,2017-07-08 01:39:24.582291146,Standard Class,Eastern Asia,USCA,Sports,Medium,960.57,17.16,2,4,6,92.79,262.08,2,0,46.395
SHP101031,2017-07-08 06:02:20.470235118,Second Class,South America,Europe,Sports,Low,293.8,17.34,4,3,4,63.55,465.33,1,0,15.8875
SHP101032,2017-07-08 10:25:16.358179090,First Class,Oceania,LATAM,Technology,Medium,847.96,7.9,2,2,2,98.27,259.12,0,1,49.135
SHP101033,2017-07-08 14:48:12.246123062,First Class,Oceania,Africa,Office Supplies,Medium,712.53,7.11,3,2,1,98.22,317.29,0,1,32.74
SHP101034,2017-07-08 19:11:08.134067034,Standard Class,Western Europe,LATAM,Sports,Low,124.05,9.22,3,4,3,48.77,167.9,0,1,16.256666666666668
SHP101035,2017-07-08 23:34:04.022011006,Standard Class,Oceania,USCA,Clothing,Medium,879.35,13.9,4,4,3,67.08,495.26,0,1,16.77
SHP101036,2017-07-09 03:56:59.909954978,Standard Class,Western Europe,Pacific Asia,Technology,Medium,329.79,27.58,1,4,5,82.64,299.65,1,0,82.64
SHP101037,2017-07-09 08:19:55.797898950,Second Class,USCA,USCA,Office Supplies,Medium,1482.26,3.95,5,3,2,94.32,420.0,0,1,18.863999999999997
SHP101038,2017-07-09 12:42:51.685842922,First Class,USCA,Europe,Sports,Medium,1055.57,10.79,2,2,2,93.55,302.73,0,1,46.775
SHP101039,2017-07-09 17:05:47.573786894,Standard Class,South America,Europe,Office Supplies,Medium,279.16,5.85,1,4,6,46.02,87.94,2,0,46.02
SHP101040,2017-07-09 21:28:43.461730866,Standard Class,USCA,Pacific Asia,Technology,High,1438.56,4.91,2,4,6,89.09,169.24,2,0,44.545
SHP101041,2017-07-10 01:51:39.349674838,First Class,Eastern Asia,LATAM,Office Supplies,Critical,1885.23,20.74,1,2,2,160.38,160.93,0,1,160.38
SHP101042,2017-07-10 06:14:35.237618810,First Class,South America,Europe,Technology,Low,649.09,16.44,2,2,2,97.74,294.88,0,1,48.87
SHP101043,2017-07-10 10:37:31.125562782,Standard Class,Eastern Asia,Europe,Office Supplies,Low,709.43,15.6,2,4,7,77.46,273.01,3,0,38.73
SHP101044,2017-07-10 15:00:27.013506754,Second Class,Eastern Asia,Pacific Asia,Office Supplies,High,1347.37,20.22,4,3,4,138.54,465.26,1,0,34.635
SHP101045,2017-07-10 19:23:22.901450726,Standard Class,Western Europe,LATAM,Technology,Medium,1795.92,9.36,2,4,4,121.56,264.3,0,1,60.78
SHP101046,2017-07-10 23:46:18.789394698,Standard Class,Eastern Asia,USCA,Office Supplies,High,164.64,9.6,1,4,3,53.27,213.95,0,1,53.27
SHP101047,2017-07-11 04:09:14.677338670,First Class,South America,Africa,Clothing,Medium,309.82,32.004999999999995,3,2,3,121.19,507.56,1,0,40.39666666666667
SHP101048,2017-07-11 08:32:10.565282642,First Class,Central America,Pacific Asia,Sports,High,571.1,10.64,3,2,3,89.7,355.04,1,0,29.900000000000002
SHP101049,2017-07-11 12:55:06.453226614,Second Class,USCA,LATAM,Office Supplies,High,620.19,18.25,4,3,3,92.96,290.85,0,1,23.24
SHP101050,2017-07-11 17:18:02.341170586,Standard Class,Western Europe,Africa,Office Supplies,High,1321.89,12.23,6,4,5,107.62,470.01,1,0,17.936666666666667
SHP101051,2017-07-11 21:40:58.229114558,First Class,USCA,Pacific Asia,Office Supplies,Low,1801.87,4.41,3,2,2,114.12,383.13,0,1,38.04
SHP101052,2017-07-12 02:03:54.117058530,Standard Class,Eastern Asia,USCA,Sports,High,1888.55,3.96,2,4,4,99.11,148.24,0,1,49.555
SHP101053,2017-07-12 06:26:50.005002502,Standard Class,Eastern Asia,USCA,Technology,High,160.43,8.86,3,4,2,50.0,433.03,0,1,16.666666666666668
SHP101054,2017-07-12 10:49:45.892946474,Standard Class,Oceania,LATAM,Sports,High,406.53,21.78,1,4,4,77.38,209.52,0,1,77.38
SHP101055,2017-07-12 15:12:41.780890446,Standard Class,Western Europe,LATAM,Office Supplies,Low,490.8,18.79,6,4,6,74.81,543.95,2,0,12.468333333333334
SHP101056,2017-07-12 19:35:37.668834418,Second Class,Western Europe,USCA,Technology,High,405.15,20.14,2,3,3,87.66,245.71,0,1,43.83
SHP101057,2017-07-12 23:58:33.556778390,Second Class,South America,USCA,Office Supplies,Low,1053.38,7.08,2,3,4,100.53,172.43,1,0,50.265
SHP101058,2017-07-13 04:21:29.444722362,Standard Class,Central America,Pacific Asia,Technology,Medium,1141.11,29.63,2,4,4,112.16,340.23,0,1,56.08
SHP101059,2017-07-13 08:44:25.332666334,Standard Class,South America,LATAM,Office Supplies,Medium,787.69,7.17,3,4,5,68.31,164.3,1,0,22.77
SHP101060,2017-07-13 13:07:21.220610306,Standard Class,South America,Africa,Office Supplies,Medium,734.38,13.7,2,4,4,56.78,210.42,0,1,28.39
SHP101061,2017-07-13 17:30:17.108554278,Standard Class,South America,USCA,Technology,High,590.27,12.11,4,4,3,72.74,181.48,0,1,18.185
SHP101062,2017-07-13 21:53:12.996498250,Second Class,Central America,Africa,Clothing,Medium,644.67,11.07,5,3,5,86.94,583.98,2,0,17.387999999999998
SHP101063,2017-07-14 02:16:08.884442222,First Class,South America,LATAM,Sports,Low,2105.66,25.44,3,2,4,171.03,471.02,2,0,57.01
SHP101064,2017-07-14 06:39:04.772386194,Standard Class,USCA,LATAM,Technology,High,1255.79,8.27,4,4,4,93.41,252.18,0,1,23.3525
SHP101065,2017-07-14 11:02:00.660330166,Standard Class,Western Europe,Europe,Sports,High,607.62,5.8,5,4,5,59.69,480.25,1,0,11.937999999999999
SHP101066,2017-07-14 15:24:56.548274138,Second Class,Central America,USCA,Clothing,Medium,724.02,12.32,2,3,4,93.1,316.6,1,0,46.55
SHP101067,2017-07-14 19:47:52.436218110,First Class,Eastern Asia,LATAM,Clothing,Medium,1070.0,9.78,3,2,3,97.6,359.34,1,0,32.53333333333333
SHP101068,2017-07-15 00:10:48.324162082,Standard Class,Oceania,LATAM,Technology,Medium,279.08,32.004999999999995,4,4,3,113.76,420.08,0,1,28.44
SHP101069,2017-07-15 04:33:44.212106054,Standard Class,Oceania,USCA,Clothing,Medium,811.27,17.67,5,4,6,94.64,638.05,2,0,18.928
SHP101070,2017-07-15 08:56:40.100050026,Second Class,USCA,Europe,Clothing,Medium,1210.09,9.73,6,3,3,104.22,652.3,0,1,17.37
SHP101071,2017-07-15 13:19:35.987993998,Standard Class,Western Europe,Europe,Office Supplies,Medium,1107.95,6.82,4,4,4,66.16,479.28,0,1,16.54
SHP101072,2017-07-15 17:42:31.875937970,Standard Class,Oceania,Europe,Office Supplies,Low,413.26,4.33,1,4,8,32.77,128.62,4,0,32.77
SHP101073,2017-07-15 22:05:27.763881942,Second Class,USCA,Europe,Clothing,Critical,478.98,6.93,3,3,4,69.9,370.99,1,0,23.3
SHP101074,2017-07-16 02:28:23.651825914,Second Class,USCA,Pacific Asia,Office Supplies,Medium,108.4,12.98,3,3,3,58.2,237.22,0,1,19.400000000000002
SHP101075,2017-07-16 06:51:19.539769886,Second Class,Oceania,USCA,Clothing,Medium,1296.25,26.71,2,3,1,137.4,463.12,0,1,68.7
SHP101076,2017-07-16 11:14:15.427713858,Second Class,Oceania,USCA,Office Supplies,Medium,2338.11,22.58,3,3,5,172.335,354.07,2,0,57.445
SHP101077,2017-07-16 15:37:11.315657830,Second Class,USCA,USCA,Clothing,Medium,365.92,13.82,2,3,2,59.86,290.3,0,1,29.93
SHP101078,2017-07-16 20:00:07.203601802,Standard Class,USCA,Europe,Clothing,Medium,1600.65,10.2,3,4,3,106.73,399.36,0,1,35.57666666666667
SHP101079,2017-07-17 00:23:03.091545774,Standard Class,Eastern Asia,Europe,Sports,Medium,2338.11,14.12,5,4,4,143.02,357.4,0,1,28.604000000000003
SHP101080,2017-07-17 04:45:58.979489746,Standard Class,Oceania,LATAM,Clothing,Medium,546.16,9.16,4,4,6,63.19,441.91,2,0,15.7975
SHP101081,2017-07-17 09:08:54.867433718,Standard Class,South America,Pacific Asia,Sports,Medium,724.76,31.35,2,4,5,114.19,269.18,1,0,57.095
SHP101082,2017-07-17 13:31:50.755377690,Second Class,USCA,USCA,Technology,Medium,938.8,10.98,4,3,3,80.07,264.49,0,1,20.0175
SHP101083,2017-07-17 17:54:46.643321662,First Class,Western Europe,Pacific Asia,Clothing,Medium,1084.16,11.62,4,2,3,101.74,358.19,1,0,25.435
SHP101084,2017-07-17 22:17:42.531265634,Same Day,Western Europe,USCA,Clothing,High,974.39,3.6,5,1,1,119.02,583.44,0,1,23.804
SHP101085,2017-07-18 02:40:38.419209606,Second Class,USCA,Europe,Sports,Medium,580.05,10.94,4,3,4,64.71,318.03,1,0,16.1775
SHP101086,2017-07-18 07:03:34.307153578,Standard Class,Western Europe,Europe,Clothing,Low,1197.5,19.3,2,4,5,94.19,288.99,1,0,47.095
SHP101087,2017-07-18 11:26:30.195097550,Standard Class,Eastern Asia,USCA,Office Supplies,Medium,590.46,6.77,3,4,6,67.16,351.42,2,0,22.386666666666667
SHP101088,2017-07-18 15:49:26.083041522,First Class,Eastern Asia,Africa,Sports,Critical,1020.91,8.06,3,2,4,99.76,422.09,2,0,33.25333333333334
SHP101089,2017-07-18 20:12:21.970985494,Second Class,USCA,Europe,Sports,High,767.33,18.84,3,3,4,85.9,348.68,1,0,28.633333333333336
SHP101090,2017-07-19 00:35:17.858929466,Second Class,Oceania,LATAM,Office Supplies,Medium,143.23,5.41,4,3,3,56.45,250.84,0,1,14.1125
SHP101091,2017-07-19 04:58:13.746873438,First Class,South America,Europe,Clothing,High,1753.95,21.8,3,2,3,147.48,304.74,1,0,49.16
SHP101092,2017-07-19 09:21:09.634817410,Second Class,Oceania,LATAM,Technology,Medium,2338.11,9.09,1,3,3,59.67,129.0,0,1,59.67
SHP101093,2017-07-19 13:44:05.522761382,First Class,Western Europe,Pacific Asia,Technology,Critical,1866.73,9.84,2,2,1,163.05,178.65,0,1,81.525
SHP101094,2017-07-19 18:07:01.410705354,Standard Class,South America,Europe,Technology,Medium,1559.54,6.57,2,4,4,94.58,137.67,0,1,47.29
SHP101095,2017-07-19 22:29:57.298649326,Second Class,Western Europe,Europe,Sports,Medium,919.2,15.0,2,3,4,91.62,215.03,1,0,45.81
SHP101096,2017-07-20 02:52:53.186593298,First Class,South America,Pacific Asia,Sports,High,1122.67,32.004999999999995,2,2,4,158.38,607.18,2,0,79.19
SHP101097,2017-07-20 07:15:49.074537270,Standard Class,USCA,LATAM,Office Supplies,Medium,1215.58,18.72,5,4,4,104.13,428.75,0,1,20.826
SHP101098,2017-07-20 11:38:44.962481240,Second Class,Central America,Africa,Clothing,Medium,676.13,7.57,3,3,2,70.13,269.0,0,1,23.376666666666665
SHP101099,2017-07-20 16:01:40.850425212,Standard Class,Eastern Asia,LATAM,Office Supplies,Medium,700.36,22.75,2,4,5,91.16,282.55,1,0,45.58
SHP101100,2017-07-20 20:24:36.738369184,Same Day,Eastern Asia,USCA,Sports,Medium,1176.3,10.24,4,1,2,137.17,174.47,1,0,34.2925
SHP101101,2017-07-21 00:47:32.626313156,Standard Class,USCA,USCA,Technology,Medium,773.31,25.94,2,4,5,105.1,213.28,1,0,52.55
SHP101102,2017-07-21 05:10:28.514257128,Second Class,Western Europe,USCA,Clothing,Low,581.52,18.99,1,3,5,99.84,255.37,2,0,99.84
SHP101103,2017-07-21 09:33:24.402201100,Standard Class,Western Europe,Pacific Asia,Technology,High,418.87,2.41,2,4,6,52.69,291.55,2,0,26.345
SHP101104,2017-07-21 13:56:20.290145072,Second Class,Central America,LATAM,Clothing,High,1041.54,7.01,3,3,3,94.29,284.36,0,1,31.430000000000003
SHP101105,2017-07-21 18:19:16.178089044,Standard Class,Oceania,Europe,Technology,Critical,476.56,20.48,4,4,4,90.18,339.92,0,1,22.545
SHP101106,2017-07-21 22:42:12.066033016,Standard Class,South America,USCA,Clothing,High,1390.29,13.24,3,4,3,108.66,389.76,0,1,36.22
SHP101107,2017-07-22 03:05:07.953976988,Standard Class,USCA,LATAM,Technology,High,1467.97,6.94,2,4,5,93.25,308.19,1,0,46.625
SHP101108,2017-07-22 07:28:03.841920960,First Class,Central America,Europe,Office Supplies,Medium,1116.82,8.6,2,2,4,88.3,247.83,2,0,44.15
SHP101109,2017-07-22 11:50:59.729864932,Standard Class,USCA,LATAM,Sports,Low,1278.03,4.27,2,4,4,79.9,319.94,0,1,39.95
SHP101110,2017-07-22 16:13:55.617808904,Standard Class,Central America,Pacific Asia,Office Supplies,Medium,1119.07,11.6,3,4,4,97.95,384.29,0,1,32.65
SHP101111,2017-07-22 20:36:51.505752876,Second Class,Western Europe,USCA,Technology,Medium,1338.83,12.27,3,3,5,140.13,499.93,2,0,46.71
SHP101112,2017-07-23 00:59:47.393696848,Standard Class,Western Europe,Africa,Clothing,High,1301.37,18.97,4,4,5,104.16,573.22,1,0,26.04
SHP101113,2017-07-23 05:22:43.281640820,First Class,Oceania,USCA,Office Supplies,Medium,1003.46,32.004999999999995,4,2,3,150.58,432.05,1,0,37.645
SHP101114,2017-07-23 09:45:39.169584792,Standard Class,USCA,USCA,Technology,High,1572.37,19.79,1,4,3,112.87,244.56,0,1,112.87
SHP101115,2017-07-23 14:08:35.057528764,Second Class,USCA,Pacific Asia,Sports,Medium,694.1,21.44,3,3,4,95.38,283.45,1,0,31.793333333333333
SHP101116,2017-07-23 18:31:30.945472736,Standard Class,Oceania,Europe,Clothing,High,429.53,32.004999999999995,3,4,3,104.05,316.65,0,1,34.68333333333333
SHP101117,2017-07-23 22:54:26.833416708,Standard Class,Western Europe,USCA,Office Supplies,Low,411.53,14.99,3,4,3,71.51,251.93,0,1,23.83666666666667
SHP101118,2017-07-24 03:17:22.721360680,Second Class,Eastern Asia,Europe,Sports,Medium,620.23,10.99,3,3,3,60.9,273.92,0,1,20.3
SHP101119,2017-07-24 07:40:18.609304652,Second Class,Oceania,Europe,Technology,Critical,122.09,21.5,3,3,3,81.14,219.97,0,1,27.046666666666667
SHP101120,2017-07-24 12:03:14.497248624,Second Class,Central America,Pacific Asia,Clothing,Medium,912.87,27.1,2,3,3,112.29,493.97,0,1,56.145
SHP101121,2017-07-24 16:26:10.385192596,Standard Class,Western Europe,USCA,Technology,Medium,1226.4,9.36,1,4,3,64.9,189.84,0,1,64.9
SHP101122,2017-07-24 20:49:06.273136568,Standard Class,USCA,Pacific Asia,Clothing,Medium,1454.45,8.19,2,4,6,93.73,194.87,2,0,46.865
SHP101123,2017-07-25 01:12:02.161080540,Standard Class,USCA,Pacific Asia,Sports,Low,176.03,13.15,8,4,6,70.63,957.98,2,0,8.82875
SHP101124,2017-07-25 05:34:58.049024512,Same Day,South America,Africa,Sports,Medium,422.72,19.25,3,1,1,121.42,292.71,0,1,40.473333333333336
SHP101125,2017-07-25 09:57:53.936968484,Standard Class,South America,Pacific Asia,Sports,High,1362.8,18.9,5,4,6,117.71,697.71,2,0,23.541999999999998
SHP101126,2017-07-25 14:20:49.824912456,Standard Class,Eastern Asia,Africa,Office Supplies,Medium,677.95,5.57,3,4,4,62.14,278.34,0,1,20.713333333333335
SHP101127,2017-07-25 18:43:45.712856428,Standard Class,USCA,Europe,Office Supplies,Medium,1208.07,32.004999999999995,2,4,5,121.39,380.94,1,0,60.695
SHP101128,2017-07-25 23:06:41.600800400,Second Class,Western Europe,Europe,Office Supplies,Low,266.21,8.56,3,3,3,68.74,238.74,0,1,22.91333333333333
SHP101129,2017-07-26 03:29:37.488744372,Standard Class,USCA,LATAM,Technology,High,1852.66,10.53,3,4,5,117.35,300.45,1,0,39.11666666666667
SHP101130,2017-07-26 07:52:33.376688344,First Class,USCA,LATAM,Office Supplies,High,247.26,7.42,1,2,2,57.73,97.88,0,1,57.73
SHP101131,2017-07-26 12:15:29.264632316,Standard Class,Central America,Europe,Clothing,Low,894.3,32.004999999999995,3,4,6,127.73,406.61,2,0,42.57666666666667
SHP101132,2017-07-26 16:38:25.152576288,First Class,Eastern Asia,USCA,Sports,Medium,910.57,13.92,2,2,1,102.37,195.87,0,1,51.185
SHP101133,2017-07-26 21:01:21.040520260,Standard Class,Central America,LATAM,Technology,Low,534.37,7.63,5,4,5,68.45,326.66,1,0,13.690000000000001
SHP101134,2017-07-27 01:24:16.928464232,Second Class,South America,Pacific Asia,Technology,High,1090.35,19.59,3,3,5,112.3,300.06,2,0,37.43333333333333
SHP101135,2017-07-27 05:47:12.816408204,First Class,Central America,LATAM,Office Supplies,High,1111.29,18.6,2,2,3,118.82,357.86,1,0,59.41
SHP101136,2017-07-27 10:10:08.704352176,Standard Class,South America,Europe,Clothing,High,1031.43,10.99,3,4,7,86.23,221.84,3,0,28.743333333333336
SHP101137,2017-07-27 14:33:04.592296148,Same Day,Oceania,USCA,Sports,Medium,526.71,19.34,4,1,1,123.25,379.81,0,1,30.8125
SHP101138,2017-07-27 18:56:00.480240120,Standard Class,South America,Europe,Technology,Medium,449.1,7.74,3,4,6,64.87,291.98,2,0,21.623333333333335
SHP101139,2017-07-27 23:18:56.368184092,First Class,USCA,USCA,Sports,Medium,571.81,9.29,2,2,2,95.94,286.67,0,1,47.97
SHP101140,2017-07-28 03:41:52.256128064,Second Class,South America,LATAM,Clothing,Medium,400.43,4.03,2,3,5,51.35,159.89,2,0,25.675
SHP101141,2017-07-28 08:04:48.144072036,Standard Class,USCA,Pacific Asia,Sports,Medium,1619.26,5.88,4,4,4,93.76,481.51,0,1,23.44
SHP101142,2017-07-28 12:27:44.032016008,Standard Class,Eastern Asia,Pacific Asia,Office Supplies,Low,610.5,32.004999999999995,4,4,4,105.26,422.11,0,1,26.315
SHP101143,2017-07-28 16:50:39.919959980,Standard Class,USCA,Europe,Sports,High,876.47,30.05,5,4,6,118.64,382.44,2,0,23.728
SHP101144,2017-07-28 21:13:35.807903952,Standard Class,USCA,USCA,Technology,Medium,1359.17,12.63,1,4,4,102.6,193.4,0,1,102.6
SHP101145,2017-07-29 01:36:31.695847924,Standard Class,USCA,LATAM,Office Supplies,High,384.26,30.41,4,4,3,81.17,484.6,0,1,20.2925
SHP101146,2017-07-29 05:59:27.583791896,Standard Class,Eastern Asia,USCA,Office Supplies,Medium,237.54,11.16,4,4,4,43.63,353.83,0,1,10.9075
SHP101147,2017-07-29 10:22:23.471735868,Standard Class,Western Europe,USCA,Office Supplies,High,811.27,10.66,2,4,5,55.48,288.29,1,0,27.74
SHP101148,2017-07-29 14:45:19.359679840,First Class,Western Europe,USCA,Office Supplies,Critical,944.52,12.27,5,2,4,112.85,258.23,2,0,22.57
SHP101149,2017-07-29 19:08:15.247623812,Standard Class,South America,LATAM,Technology,High,900.42,11.37,1,4,5,64.02,228.11,1,0,64.02
SHP101150,2017-07-29 23:31:11.135567784,Standard Class,Oceania,USCA,Clothing,High,1030.08,10.82,2,4,6,80.16,217.41,2,0,40.08
SHP101151,2017-07-30 03:54:07.023511756,Second Class,Western Europe,Pacific Asia,Clothing,High,726.25,22.85,4,3,2,90.74,427.96,0,1,22.685
SHP101152,2017-07-30 08:17:02.911455728,Standard Class,South America,Europe,Office Supplies,Medium,52.08,12.27,3,4,4,47.12,301.88,0,1,15.706666666666665
SHP101153,2017-07-30 12:39:58.799399700,Standard Class,Eastern Asia,Africa,Clothing,Medium,709.44,18.03,3,4,4,94.21,418.14,0,1,31.403333333333332
SHP101154,2017-07-30 17:02:54.687343672,Standard Class,Western Europe,USCA,Technology,High,1478.7,21.48,2,4,4,110.34,170.9,0,1,55.17
SHP101155,2017-07-30 21:25:50.575287644,First Class,Western Europe,Pacific Asia,Clothing,High,1728.76,15.08,5,2,3,139.91,580.54,1,0,27.982
SHP101156,2017-07-31 01:48:46.463231616,First Class,USCA,Pacific Asia,Clothing,Critical,835.98,7.14,3,2,3,93.81,350.68,1,0,31.27
SHP101157,2017-07-31 06:11:42.351175588,Standard Class,USCA,Europe,Technology,Medium,902.76,5.79,3,4,4,77.35,194.94,0,1,25.78333333333333
SHP101158,2017-07-31 10:34:38.239119560,Second Class,South America,Europe,Clothing,Medium,1193.09,13.22,2,3,4,100.17,340.12,1,0,50.085
SHP101159,2017-07-31 14:57:34.127063532,Standard Class,USCA,Africa,Office Supplies,High,1697.6,11.09,5,4,4,104.85,539.37,0,1,20.97
SHP101160,2017-07-31 19:20:30.015007504,Second Class,South America,Africa,Office Supplies,Critical,784.3,12.78,6,3,2,100.67,453.66,0,1,16.778333333333332
SHP101161,2017-07-31 23:43:25.902951476,Second Class,Central America,Africa,Technology,Medium,1182.07,12.08,3,3,3,107.92,243.46,0,1,35.973333333333336
SHP101162,2017-08-01 04:06:21.790895448,Second Class,Central America,LATAM,Office Supplies,Medium,508.62,32.004999999999995,3,3,3,128.6,431.4,0,1,42.86666666666667
SHP101163,2017-08-01 08:29:17.678839420,Standard Class,Oceania,LATAM,Office Supplies,Medium,271.43,5.86,1,4,4,40.23,98.37,0,1,40.23
SHP101164,2017-08-01 12:52:13.566783392,Standard Class,Western Europe,Pacific Asia,Office Supplies,Medium,551.61,4.08,4,4,5,58.92,309.74,1,0,14.73
SHP101165,2017-08-01 17:15:09.454727364,Standard Class,Central America,Europe,Office Supplies,Low,1947.71,14.63,4,4,5,129.61,371.0,1,0,32.4025
SHP101166,2017-08-01 21:38:05.342671336,First Class,South America,USCA,Office Supplies,Medium,1197.98,9.9,8,2,2,124.39,762.54,0,1,15.54875
SHP101167,2017-08-02 02:01:01.230615308,Second Class,USCA,Europe,Clothing,High,295.26,14.5,7,3,5,95.8,385.88,2,0,13.685714285714285
SHP101168,2017-08-02 06:23:57.118559280,First Class,USCA,LATAM,Technology,Low,811.27,16.8,4,2,1,132.32,510.41,0,1,33.08
SHP101169,2017-08-02 10:46:53.006503252,Same Day,Western Europe,Pacific Asia,Sports,Medium,315.76,24.69,5,1,1,147.93,510.76,0,1,29.586000000000002
SHP101170,2017-08-02 15:09:48.894447224,Standard Class,Central America,USCA,Technology,High,1020.44,5.32,3,4,8,79.05,230.15,4,0,26.349999999999998
SHP101171,2017-08-02 19:32:44.782391196,Second Class,Oceania,Africa,Technology,Critical,371.94,8.97,4,3,2,51.82,483.12,0,1,12.955
SHP101172,2017-08-02 23:55:40.670335168,Second Class,Oceania,Africa,Technology,Critical,280.38,15.42,4,3,2,73.99,493.11,0,1,18.4975
SHP101173,2017-08-03 04:18:36.558279140,Same Day,Oceania,LATAM,Clothing,Medium,2154.85,18.61,3,1,2,164.86,368.72,1,0,54.95333333333334
SHP101174,2017-08-03 08:41:32.446223112,Same Day,Oceania,Pacific Asia,Technology,Critical,610.14,32.004999999999995,3,1,1,149.11,453.34,0,1,49.70333333333334
SHP101175,2017-08-03 13:04:28.334167084,Second Class,USCA,Europe,Technology,Low,1183.56,20.61,3,3,3,112.68,286.68,0,1,37.56
SHP101176,2017-08-03 17:27:24.222111056,Standard Class,USCA,LATAM,Clothing,High,807.72,11.81,4,4,7,85.34,427.31,3,0,21.335
SHP101177,2017-08-03 21:50:20.110055028,First Class,USCA,Europe,Office Supplies,High,338.07,7.47,3,2,1,71.81,243.42,0,1,23.936666666666667
SHP101178,2017-08-04 02:13:15.997999000,Standard Class,South America,USCA,Sports,Medium,660.0,8.93,1,4,2,72.23,168.2,0,1,72.23
SHP101179,2017-08-04 06:36:11.885942972,First Class,Oceania,Europe,Office Supplies,Medium,340.64,8.79,6,2,1,79.73,573.5,0,1,13.288333333333334
SHP101180,2017-08-04 10:59:07.773886944,First Class,Eastern Asia,USCA,Technology,Low,2338.11,17.47,3,2,4,172.335,164.93,2,0,57.445
SHP101181,2017-08-04 15:22:03.661830916,Standard Class,USCA,Pacific Asia,Office Supplies,High,1325.91,14.03,3,4,6,86.01,292.64,2,0,28.67
SHP101182,2017-08-04 19:44:59.549774888,Second Class,Oceania,LATAM,Clothing,Medium,796.96,5.88,1,3,3,83.98,125.37,0,1,83.98
SHP101183,2017-08-05 00:07:55.437718860,Standard Class,Central America,Europe,Sports,Medium,1141.73,9.59,5,4,5,101.92,347.85,1,0,20.384
SHP101184,2017-08-05 04:30:51.325662832,Standard Class,Western Europe,Pacific Asia,Office Supplies,Medium,1270.32,19.74,2,4,6,101.8,364.22,2,0,50.9
SHP101185,2017-08-05 08:53:47.213606804,Standard Class,USCA,Pacific Asia,Technology,Medium,1272.54,14.78,4,4,7,85.82,356.92,3,0,21.455
SHP101186,2017-08-05 13:16:43.101550776,Second Class,USCA,Europe,Sports,Critical,1236.96,16.66,5,3,3,113.9,552.84,0,1,22.78
SHP101187,2017-08-05 17:39:38.989494748,First Class,Central America,Africa,Technology,High,811.27,15.04,2,2,1,118.28,245.53,0,1,59.14
SHP101188,2017-08-05 22:02:34.877438720,First Class,Western Europe,Africa,Office Supplies,Critical,843.91,29.8,2,2,2,125.46,371.36,0,1,62.73
SHP101189,2017-08-06 02:25:30.765382692,Standard Class,South America,USCA,Office Supplies,Medium,2051.12,13.87,2,4,4,140.92,210.45,0,1,70.46
SHP101190,2017-08-06 06:48:26.653326664,First Class,USCA,Pacific Asia,Technology,Medium,882.4,9.85,3,2,2,115.55,239.94,0,1,38.516666666666666
SHP101191,2017-08-06 11:11:22.541270636,Second Class,Western Europe,LATAM,Sports,Medium,813.56,7.36,2,3,3,60.99,247.42,0,1,30.495
SHP101192,2017-08-06 15:34:18.429214608,Standard Class,Eastern Asia,LATAM,Sports,Medium,887.73,13.98,4,4,6,73.84,494.68,2,0,18.46
SHP101193,2017-08-06 19:57:14.317158580,Standard Class,USCA,Pacific Asia,Sports,Medium,932.48,3.18,5,4,6,72.99,338.2,2,0,14.597999999999999
SHP101194,2017-08-07 00:20:10.205102552,Standard Class,Oceania,Africa,Office Supplies,High,177.45,11.01,3,4,4,41.88,327.62,0,1,13.96
SHP101195,2017-08-07 04:43:06.093046524,First Class,Central America,Pacific Asia,Office Supplies,Medium,398.21,10.88,5,2,4,90.66,611.1,2,0,18.131999999999998
SHP101196,2017-08-07 09:06:01.980990496,Second Class,Western Europe,USCA,Technology,Medium,726.23,5.75,3,3,4,73.37,320.5,1,0,24.456666666666667
SHP101197,2017-08-07 13:28:57.868934468,Second Class,Central America,Pacific Asia,Technology,Medium,168.59,7.31,5,3,4,61.21,273.21,1,0,12.242
SHP101198,2017-08-07 17:51:53.756878440,Standard Class,Oceania,Europe,Clothing,Medium,796.05,19.02,4,4,6,99.26,522.44,2,0,24.815
SHP101199,2017-08-07 22:14:49.644822412,Second Class,South America,Africa,Clothing,High,923.97,13.83,2,3,4,108.5,299.2,1,0,54.25
SHP101200,2017-08-08 02:37:45.532766384,Standard Class,Oceania,Europe,Clothing,Medium,260.42,12.88,4,4,7,63.87,469.08,3,0,15.9675
SHP101201,2017-08-08 07:00:41.420710356,Standard Class,South America,Europe,Technology,Medium,480.83,14.42,3,4,3,57.37,349.3,0,1,19.12333333333333
SHP101202,2017-08-08 11:23:37.308654328,Second Class,Central America,Pacific Asia,Sports,Low,1773.38,12.82,5,3,3,128.94,623.73,0,1,25.788
SHP101203,2017-08-08 15:46:33.196598300,Standard Class,South America,Pacific Asia,Clothing,High,1149.54,24.13,3,4,4,103.92,393.59,0,1,34.64
SHP101204,2017-08-08 20:09:29.084542272,First Class,USCA,LATAM,Technology,High,1106.05,13.04,3,2,3,130.61,247.39,1,0,43.53666666666667
SHP101205,2017-08-09 00:32:24.972486244,Standard Class,South America,Europe,Office Supplies,High,1637.12,5.46,3,4,6,98.87,266.43,2,0,32.95666666666667
SHP101206,2017-08-09 04:55:20.860430216,Second Class,South America,Pacific Asia,Sports,Low,404.68,29.86,5,3,3,114.04,307.46,0,1,22.808
SHP101207,2017-08-09 09:18:16.748374188,Standard Class,USCA,LATAM,Clothing,Medium,261.13,14.93,5,4,3,90.74,345.38,0,1,18.148
SHP101208,2017-08-09 13:41:12.636318160,Second Class,South America,Europe,Office Supplies,Medium,1498.0,8.81,3,3,4,105.44,285.8,1,0,35.14666666666667
SHP101209,2017-08-09 18:04:08.524262132,Standard Class,USCA,LATAM,Sports,Critical,741.22,6.11,2,4,5,71.22,177.7,1,0,35.61
SHP101210,2017-08-09 22:27:04.412206104,Standard Class,USCA,Africa,Sports,Critical,395.78,15.15,2,4,2,58.98,317.72,0,1,29.49
SHP101211,2017-08-10 02:50:00.300150076,First Class,South America,USCA,Office Supplies,High,176.01,11.42,3,2,2,85.86,421.97,0,1,28.62
SHP101212,2017-08-10 07:12:56.188094048,Standard Class,USCA,Europe,Clothing,Low,894.86,28.96,3,4,3,123.27,352.49,0,1,41.089999999999996
SHP101213,2017-08-10 11:35:52.076038020,First Class,Western Europe,Pacific Asia,Clothing,Critical,679.93,10.07,3,2,2,85.1,414.87,0,1,28.366666666666664
SHP101214,2017-08-10 15:58:47.963981992,Same Day,South America,Africa,Office Supplies,Medium,596.25,7.69,3,1,1,108.24,181.47,0,1,36.08
SHP101215,2017-08-10 20:21:43.851925964,Standard Class,South America,LATAM,Office Supplies,High,76.49,19.94,3,4,5,67.82,511.72,1,0,22.606666666666666
SHP101216,2017-08-11 00:44:39.739869936,Standard Class,Oceania,USCA,Office Supplies,Medium,2034.18,20.27,3,4,5,123.5,386.27,1,0,41.166666666666664
SHP101217,2017-08-11 05:07:35.627813908,Second Class,Oceania,Europe,Technology,Medium,217.89,13.37,3,3,2,56.87,271.53,0,1,18.956666666666667
SHP101218,2017-08-11 09:30:31.515757880,Same Day,Oceania,USCA,Sports,Medium,640.73,17.67,3,1,3,116.49,368.48,2,0,38.83
SHP101219,2017-08-11 13:53:27.403701852,First Class,South America,Africa,Clothing,Low,562.58,11.93,7,2,1,90.74,466.16,0,1,12.962857142857143
SHP101220,2017-08-11 18:16:23.291645824,Standard Class,Oceania,USCA,Clothing,Medium,1172.55,13.85,3,4,5,95.25,368.22,1,0,31.75
SHP101221,2017-08-11 22:39:19.179589796,First Class,Western Europe,Europe,Office Supplies,High,811.27,23.12,2,2,2,92.52,513.68,0,1,46.26
SHP101222,2017-08-12 03:02:15.067533768,Standard Class,Central America,Africa,Office Supplies,Low,1080.24,17.18,4,4,4,114.11,313.37,0,1,28.5275
SHP101223,2017-08-12 07:25:10.955477740,Same Day,Oceania,LATAM,Office Supplies,Medium,897.98,11.1,3,1,2,131.14,318.59,1,0,43.71333333333333
SHP101224,2017-08-12 11:48:06.843421712,Same Day,USCA,Europe,Sports,Low,462.18,25.63,5,1,2,141.89,389.19,1,0,28.377999999999997
SHP101225,2017-08-12 16:11:02.731365684,Standard Class,Oceania,USCA,Office Supplies,Medium,1054.66,3.32,4,4,6,67.01,316.65,2,0,16.7525
SHP101226,2017-08-12 20:33:58.619309656,Standard Class,Western Europe,Europe,Office Supplies,Critical,795.04,32.004999999999995,3,4,4,116.95,658.46,0,1,38.983333333333334
SHP101227,2017-08-13 00:56:54.507253628,Standard Class,USCA,Africa,Sports,Medium,2338.11,4.77,3,4,5,125.97,155.95,1,0,41.99
SHP101228,2017-08-13 05:19:50.395197600,Standard Class,USCA,USCA,Clothing,Low,679.48,8.63,1,4,4,68.09,201.97,0,1,68.09
SHP101229,2017-08-13 09:42:46.283141572,First Class,USCA,LATAM,Clothing,High,353.28,11.91,7,2,3,102.49,734.84,1,0,14.641428571428571
SHP101230,2017-08-13 14:05:42.171085544,Standard Class,USCA,Pacific Asia,Technology,High,1087.52,11.24,4,4,5,83.56,575.25,1,0,20.89
SHP101231,2017-08-13 18:28:38.059029516,Standard Class,Eastern Asia,LATAM,Sports,Low,617.73,21.19,5,4,4,85.56,478.37,0,1,17.112000000000002
SHP101232,2017-08-13 22:51:33.946973488,Standard Class,Eastern Asia,Europe,Clothing,High,783.59,6.81,1,4,2,47.33,130.92,0,1,47.33
SHP101233,2017-08-14 03:14:29.834917460,Same Day,USCA,Pacific Asia,Clothing,High,263.11,14.06,1,1,2,104.78,174.69,1,0,104.78
SHP101234,2017-08-14 07:37:25.722861432,Second Class,USCA,Africa,Sports,High,1184.57,8.86,3,3,4,81.25,314.07,1,0,27.083333333333332
SHP101235,2017-08-14 12:00:21.610805404,Standard Class,USCA,USCA,Clothing,Medium,544.03,14.33,1,4,4,65.19,248.35,0,1,65.19
SHP101236,2017-08-14 16:23:17.498749376,Standard Class,Western Europe,USCA,Sports,Critical,946.68,11.76,5,4,3,81.01,264.15,0,1,16.202
SHP101237,2017-08-14 20:46:13.386693348,Same Day,Oceania,Africa,Clothing,Low,2338.11,12.82,5,1,3,172.335,577.14,2,0,34.467
SHP101238,2017-08-15 01:09:09.274637320,First Class,Central America,Europe,Office Supplies,Medium,650.62,9.0,3,2,3,99.97,208.37,1,0,33.32333333333333
SHP101239,2017-08-15 05:32:05.162581292,Standard Class,USCA,LATAM,Sports,Medium,1293.27,9.2,3,4,4,99.51,203.24,0,1,33.17
SHP101240,2017-08-15 09:55:01.050525264,Standard Class,Oceania,Pacific Asia,Sports,Medium,684.54,14.27,4,4,3,83.96,400.61,0,1,20.99
SHP101241,2017-08-15 14:17:56.938469236,Standard Class,Western Europe,Africa,Clothing,High,467.29,20.47,2,4,4,69.33,244.49,0,1,34.665
SHP101242,2017-08-15 18:40:52.826413208,Standard Class,Western Europe,Europe,Sports,Medium,1812.89,8.77,5,4,6,109.53,319.57,2,0,21.906
SHP101243,2017-08-15 23:03:48.714357180,Second Class,USCA,Europe,Technology,Low,126.64,7.55,1,3,4,42.67,127.96,1,0,42.67
SHP101244,2017-08-16 03:26:44.602301152,First Class,South America,Pacific Asia,Technology,Medium,1515.9,17.07,4,2,2,130.9,505.24,0,1,32.725
SHP101245,2017-08-16 07:49:40.490245124,Standard Class,Western Europe,Africa,Sports,Medium,109.82,11.97,1,4,5,50.23,246.68,1,0,50.23
SHP101246,2017-08-16 12:12:36.378189096,First Class,South America,LATAM,Technology,Critical,1415.84,19.24,7,2,2,135.91,690.92,0,1,19.415714285714284
SHP101247,2017-08-16 16:35:32.266133068,Standard Class,Western Europe,LATAM,Clothing,Medium,792.22,7.4,3,4,6,62.46,319.99,2,0,20.82
SHP101248,2017-08-16 20:58:28.154077040,Second Class,South America,Africa,Clothing,High,354.12,4.58,2,3,5,46.01,197.79,2,0,23.005
SHP101249,2017-08-17 01:21:24.042021012,Second Class,South America,USCA,Sports,High,572.86,9.09,3,3,3,79.83,257.23,0,1,26.61
SHP101250,2017-08-17 05:44:19.929964984,Standard Class,USCA,LATAM,Clothing,High,1247.45,7.99,5,4,4,85.3,485.91,0,1,17.06
SHP101251,2017-08-17 10:07:15.817908956,Standard Class,USCA,USCA,Clothing,High,2338.11,11.67,2,4,1,113.4,259.74,0,1,56.7
SHP101252,2017-08-17 14:30:11.705852928,Second Class,Oceania,Africa,Technology,Medium,185.37,8.58,6,3,2,81.64,599.85,0,1,13.606666666666667
SHP101253,2017-08-17 18:53:07.593796900,Standard Class,South America,Europe,Clothing,High,373.08,18.31,3,4,3,80.64,444.04,0,1,26.88
SHP101254,2017-08-17 23:16:03.481740872,Standard Class,Eastern Asia,Africa,Clothing,High,241.59,10.4,2,4,5,32.03,259.01,1,0,16.015
SHP101255,2017-08-18 03:38:59.369684844,Standard Class,Western Europe,Europe,Technology,High,680.41,13.23,2,4,4,77.25,261.39,0,1,38.625
SHP101256,2017-08-18 08:01:55.257628816,Same Day,USCA,Africa,Office Supplies,Critical,1440.7,13.29,1,1,1,153.54,157.11,0,1,153.54
SHP101257,2017-08-18 12:24:51.145572788,Standard Class,Central America,USCA,Sports,High,211.31,13.56,5,4,4,60.63,296.12,0,1,12.126000000000001
SHP101258,2017-08-18 16:47:47.033516760,First Class,Western Europe,USCA,Sports,High,777.08,12.02,2,2,3,98.18,275.97,1,0,49.09
SHP101259,2017-08-18 21:10:42.921460732,Standard Class,Oceania,Africa,Office Supplies,Critical,1410.98,16.13,4,4,5,103.55,386.49,1,0,25.8875
SHP101260,2017-08-19 01:33:38.809404704,First Class,Oceania,Europe,Technology,Medium,566.49,7.86,5,2,1,94.16,281.43,0,1,18.832
SHP101261,2017-08-19 05:56:34.697348676,Second Class,South America,Africa,Technology,Medium,903.79,26.3,6,3,3,133.28,576.57,0,1,22.213333333333335
SHP101262,2017-08-19 10:19:30.585292648,First Class,Oceania,Europe,Clothing,Medium,1728.42,10.7,2,2,1,117.03,219.47,0,1,58.515
SHP101263,2017-08-19 14:42:26.473236620,Standard Class,USCA,USCA,Clothing,Medium,316.01,5.92,4,4,6,43.36,460.94,2,0,10.84
SHP101264,2017-08-19 19:05:22.361180592,Second Class,Oceania,Pacific Asia,Sports,High,142.21,13.51,6,3,4,75.21,495.86,1,0,12.534999999999998
SHP101265,2017-08-19 23:28:18.249124564,Second Class,Western Europe,LATAM,Sports,High,982.1,7.63,3,3,2,88.4,323.21,0,1,29.46666666666667
SHP101266,2017-08-20 03:51:14.137068536,Standard Class,Eastern Asia,USCA,Technology,High,1000.91,17.57,3,4,4,95.82,327.82,0,1,31.939999999999998
SHP101267,2017-08-20 08:14:10.025012508,Standard Class,Eastern Asia,Africa,Clothing,Critical,536.33,32.004999999999995,5,4,4,110.54,340.77,0,1,22.108
SHP101268,2017-08-20 12:37:05.912956480,Standard Class,South America,Africa,Technology,Medium,456.67,7.9,1,4,2,42.77,181.61,0,1,42.77
SHP101269,2017-08-20 17:00:01.800900452,Standard Class,Oceania,Europe,Office Supplies,High,803.76,14.63,2,4,5,86.33,326.84,1,0,43.165
SHP101270,2017-08-20 21:22:57.688844424,First Class,Oceania,LATAM,Sports,Medium,310.97,4.64,6,2,2,66.24,555.08,0,1,11.04
SHP101271,2017-08-21 01:45:53.576788396,Standard Class,Eastern Asia,USCA,Sports,Medium,311.41,15.64,5,4,6,65.12,449.52,2,0,13.024000000000001
SHP101272,2017-08-21 06:08:49.464732368,Standard Class,South America,LATAM,Technology,Medium,1242.03,7.48,2,4,3,80.1,282.43,0,1,40.05
SHP101273,2017-08-21 10:31:45.352676340,Second Class,Oceania,LATAM,Clothing,High,292.29,8.64,3,3,3,67.65,338.16,0,1,22.55
SHP101274,2017-08-21 14:54:41.240620312,Standard Class,South America,USCA,Clothing,Medium,152.14,6.65,3,4,3,40.16,376.08,0,1,13.386666666666665
SHP101275,2017-08-21 19:17:37.128564284,Standard Class,USCA,Europe,Office Supplies,High,455.93,18.22,3,4,3,81.04,293.08,0,1,27.013333333333335
SHP101276,2017-08-21 23:40:33.016508256,Standard Class,Western Europe,Europe,Office Supplies,Medium,546.56,21.2,2,4,3,91.55,162.76,0,1,45.775
SHP101277,2017-08-22 04:03:28.904452228,Same Day,USCA,Europe,Office Supplies,Medium,1080.16,12.34,4,1,3,127.41,289.36,2,0,31.8525
SHP101278,2017-08-22 08:26:24.792396200,First Class,Oceania,Pacific Asia,Technology,Medium,488.68,7.57,2,2,2,82.26,124.21,0,1,41.13
SHP101279,2017-08-22 12:49:20.680340172,First Class,Oceania,LATAM,Sports,Medium,1916.2,29.2,2,2,3,169.85,380.26,1,0,84.925
SHP101280,2017-08-22 17:12:16.568284144,Standard Class,Oceania,Pacific Asia,Technology,Critical,833.98,8.06,3,4,4,66.13,298.16,0,1,22.043333333333333
SHP101281,2017-08-22 21:35:12.456228116,Second Class,Eastern Asia,Europe,Technology,Low,405.64,3.71,5,3,2,46.22,404.8,0,1,9.244
SHP101282,2017-08-23 01:58:08.344172088,Standard Class,Eastern Asia,USCA,Clothing,Critical,1049.43,15.68,4,4,4,96.13,474.42,0,1,24.0325
SHP101283,2017-08-23 06:21:04.232116060,Standard Class,Oceania,LATAM,Office Supplies,Critical,1894.65,6.64,1,4,5,102.93,173.56,1,0,102.93
SHP101284,2017-08-23 10:44:00.120060032,Standard Class,Oceania,USCA,Sports,Critical,1219.61,20.98,5,4,3,120.74,610.02,0,1,24.148
SHP101285,2017-08-23 15:06:56.008004004,Second Class,Western Europe,Africa,Office Supplies,Medium,199.12,9.88,3,3,4,59.24,129.26,1,0,19.746666666666666
SHP101286,2017-08-23 19:29:51.895947976,Standard Class,Western Europe,LATAM,Office Supplies,Critical,583.66,16.98,3,4,4,70.49,347.31,0,1,23.496666666666666
SHP101287,2017-08-23 23:52:47.783891948,Standard Class,South America,USCA,Office Supplies,Medium,936.51,26.33,4,4,4,99.95,456.53,0,1,24.9875
SHP101288,2017-08-24 04:15:43.671835920,Standard Class,South America,Europe,Sports,Low,1186.23,6.27,3,4,5,51.31,200.9,1,0,17.103333333333335
SHP101289,2017-08-24 08:38:39.559779892,Standard Class,Eastern Asia,Pacific Asia,Clothing,Medium,683.5,8.92,2,4,4,59.34,260.88,0,1,29.67
SHP101290,2017-08-24 13:01:35.447723864,Second Class,Central America,USCA,Sports,Critical,614.01,11.69,1,3,4,99.92,205.68,1,0,99.92
SHP101291,2017-08-24 17:24:31.335667836,Standard Class,Western Europe,Africa,Sports,Low,2331.21,28.38,2,4,4,167.11,379.33,0,1,83.555
SHP101292,2017-08-24 21:47:27.223611808,Second Class,South America,Europe,Clothing,Medium,1231.57,8.48,2,3,4,84.44,277.14,1,0,42.22
SHP101293,2017-08-25 02:10:23.111555780,Standard Class,Western Europe,Africa,Sports,Low,1051.65,8.78,3,4,2,90.74,320.36,0,1,30.246666666666666
SHP101294,2017-08-25 06:33:18.999499752,First Class,Western Europe,Pacific Asia,Sports,Medium,505.29,15.85,2,2,1,89.52,242.81,0,1,44.76
SHP101295,2017-08-25 10:56:14.887443724,Second Class,USCA,Africa,Technology,Low,811.27,8.87,2,3,4,74.29,173.82,1,0,37.145
SHP101296,2017-08-25 15:19:10.775387696,Standard Class,Central America,USCA,Sports,High,1064.21,13.25,2,4,6,104.12,259.74,2,0,52.06
SHP101297,2017-08-25 19:42:06.663331668,Standard Class,Western Europe,USCA,Technology,Medium,1321.3,5.19,4,4,3,84.39,351.39,0,1,21.0975
SHP101298,2017-08-26 00:05:02.551275640,Second Class,USCA,Europe,Technology,High,780.79,32.004999999999995,1,3,3,125.2,199.94,0,1,125.2
SHP101299,2017-08-26 04:27:58.439219612,First Class,Central America,Pacific Asia,Technology,High,1233.76,5.81,2,2,3,106.31,211.17,1,0,53.155
SHP101300,2017-08-26 08:50:54.327163584,Standard Class,USCA,Pacific Asia,Office Supplies,Critical,1254.68,10.21,2,4,5,85.14,171.81,1,0,42.57
SHP101301,2017-08-26 13:13:50.215107556,Standard Class,USCA,LATAM,Clothing,Medium,1379.15,11.97,4,4,2,100.35,220.89,0,1,25.0875
SHP101302,2017-08-26 17:36:46.103051528,First Class,Central America,LATAM,Office Supplies,High,195.74,32.004999999999995,5,2,1,125.57,831.64,0,1,25.113999999999997
SHP101303,2017-08-26 21:59:41.990995500,Second Class,Western Europe,USCA,Clothing,Medium,596.45,5.88,2,3,3,70.76,126.03,0,1,35.38
SHP101304,2017-08-27 02:22:37.878939472,Standard Class,Western Europe,Africa,Sports,Medium,1107.82,32.004999999999995,3,4,5,109.26,384.4,1,0,36.42
SHP101305,2017-08-27 06:45:33.766883444,Standard Class,South America,Africa,Technology,High,812.91,18.48,5,4,7,87.89,259.68,3,0,17.578
SHP101306,2017-08-27 11:08:29.654827416,Standard Class,Western Europe,Europe,Office Supplies,High,1257.26,15.32,3,4,4,86.44,443.19,0,1,28.813333333333333
SHP101307,2017-08-27 15:31:25.542771388,Second Class,Western Europe,Pacific Asia,Sports,High,1051.23,7.09,1,3,2,88.26,78.94,0,1,88.26
SHP101308,2017-08-27 19:54:21.430715360,Standard Class,Western Europe,USCA,Office Supplies,High,83.83,16.68,1,4,5,46.39,216.45,1,0,46.39
SHP101309,2017-08-28 00:17:17.318659332,Same Day,South America,Africa,Sports,Medium,1597.14,8.18,4,1,3,129.55,345.7,2,0,32.3875
SHP101310,2017-08-28 04:40:13.206603304,Standard Class,Central America,LATAM,Office Supplies,High,540.08,24.45,5,4,5,77.32,523.73,1,0,15.463999999999999
SHP101311,2017-08-28 09:03:09.094547276,Standard Class,South America,USCA,Sports,Medium,385.82,7.14,1,4,3,50.9,175.4,0,1,50.9
SHP101312,2017-08-28 13:26:04.982491248,Second Class,Western Europe,Europe,Sports,Medium,1563.07,11.45,1,3,5,99.45,111.49,2,0,99.45
SHP101313,2017-08-28 17:49:00.870435220,First Class,Oceania,USCA,Office Supplies,High,1194.03,8.98,3,2,3,107.2,344.86,1,0,35.733333333333334
SHP101314,2017-08-28 22:11:56.758379192,First Class,Western Europe,Africa,Sports,Critical,1705.35,7.08,2,2,1,134.67,267.76,0,1,67.335
SHP101315,2017-08-29 02:34:52.646323164,Standard Class,South America,Europe,Technology,Low,943.67,18.32,4,4,5,97.37,425.81,1,0,24.3425
SHP101316,2017-08-29 06:57:48.534267136,Second Class,USCA,LATAM,Technology,Low,590.62,16.35,2,3,5,80.52,269.58,2,0,40.26
SHP101317,2017-08-29 11:20:44.422211104,Second Class,USCA,LATAM,Technology,Low,869.19,23.69,6,3,5,107.48,368.62,2,0,17.913333333333334
SHP101318,2017-08-29 15:43:40.310155076,Standard Class,South America,Africa,Technology,Medium,329.24,4.58,1,4,4,44.18,154.4,0,1,44.18
SHP101319,2017-08-29 20:06:36.198099048,Standard Class,Eastern Asia,Europe,Clothing,High,235.78,21.87,2,4,4,69.46,381.53,0,1,34.73
SHP101320,2017-08-30 00:29:32.086043020,Standard Class,USCA,LATAM,Office Supplies,High,475.51,32.004999999999995,3,4,6,110.35,651.75,2,0,36.78333333333333
SHP101321,2017-08-30 04:52:27.973986992,Standard Class,Oceania,Europe,Technology,High,2034.5,9.5,3,4,3,92.36,307.51,0,1,30.786666666666665
SHP101322,2017-08-30 09:15:23.861930964,Standard Class,South America,USCA,Technology,High,514.98,32.004999999999995,3,2,3,140.95,550.07,1,0,46.98333333333333
SHP101323,2017-08-30 13:38:19.749874936,Standard Class,USCA,Pacific Asia,Technology,Medium,155.71,10.54,3,4,3,34.51,445.51,0,1,11.503333333333332
SHP101324,2017-08-30 18:01:15.637818908,Same Day,USCA,Pacific Asia,Clothing,Low,697.9,5.73,3,1,3,100.88,391.13,2,0,33.626666666666665
SHP101325,2017-08-30 22:24:11.525762880,Standard Class,Central America,Pacific Asia,Office Supplies,Low,509.59,10.3,3,4,4,74.38,317.22,0,1,24.793333333333333
SHP101326,2017-08-31 02:47:07.413706852,Second Class,Western Europe,LATAM,Sports,High,1615.88,21.68,2,3,5,110.48,288.6,2,0,55.24
SHP101327,2017-08-31 07:10:03.301650824,Standard Class,USCA,Africa,Clothing,High,1943.53,7.68,3,4,5,106.57,262.68,1,0,35.52333333333333
SHP101328,2017-08-31 11:32:59.189594796,Standard Class,USCA,Pacific Asia,Technology,High,569.87,8.76,2,4,3,56.23,258.11,0,1,28.115
SHP101329,2017-08-31 15:55:55.077538768,Standard Class,Central America,Africa,Technology,Medium,943.04,16.89,3,4,6,88.64,338.36,2,0,29.546666666666667
SHP101330,2017-08-31 20:18:50.965482740,Standard Class,South America,Pacific Asia,Clothing,Medium,998.28,12.2,2,4,6,83.11,155.95,2,0,41.555
SHP101331,2017-09-01 00:41:46.853426712,Second Class,South America,USCA,Office Supplies,Critical,756.41,16.8,1,3,5,89.36,269.49,2,0,89.36
SHP101332,2017-09-01 05:04:42.741370684,Standard Class,Central America,Pacific Asia,Office Supplies,Low,659.08,13.88,4,4,4,64.0,440.93,0,1,16.0
SHP101333,2017-09-01 09:27:38.629314656,Second Class,Central America,Africa,Sports,High,364.25,15.86,3,3,3,79.67,425.05,0,1,26.55666666666667
SHP101334,2017-09-01 13:50:34.517258628,Standard Class,Eastern Asia,LATAM,Clothing,Medium,130.14,9.6,2,4,5,44.68,212.11,1,0,22.34
SHP101335,2017-09-01 18:13:30.405202600,Standard Class,Western Europe,USCA,Office Supplies,Low,362.43,13.84,4,4,4,65.05,371.81,0,1,16.2625
SHP101336,2017-09-01 22:36:26.293146572,Standard Class,Central America,Africa,Clothing,High,737.09,7.32,2,4,6,80.74,173.7,2,0,40.37
SHP101337,2017-09-02 02:59:22.181090544,First Class,Western Europe,Europe,Office Supplies,Medium,211.67,24.75,3,2,3,114.49,421.11,1,0,38.163333333333334
SHP101338,2017-09-02 07:22:18.069034516,Second Class,USCA,Pacific Asia,Office Supplies,High,909.05,8.59,3,3,1,101.23,308.81,0,1,33.74333333333333
SHP101339,2017-09-02 11:45:13.956978488,Standard Class,Oceania,USCA,Technology,High,824.47,22.67,2,4,5,95.75,183.17,1,0,47.875
SHP101340,2017-09-02 16:08:09.844922460,Standard Class,South America,LATAM,Office Supplies,Medium,510.28,10.71,8,4,4,91.21,353.55,0,1,11.40125
SHP101341,2017-09-02 20:31:05.732866432,Standard Class,Central America,Europe,Office Supplies,High,638.22,13.61,2,4,4,62.14,273.69,0,1,31.07
SHP101342,2017-09-03 00:54:01.620810404,Same Day,Oceania,Pacific Asia,Clothing,Medium,249.72,9.28,4,1,1,95.21,297.53,0,1,23.8025
SHP101343,2017-09-03 05:16:57.508754376,Second Class,South America,USCA,Office Supplies,Medium,1363.01,6.97,2,3,4,90.02,320.74,1,0,45.01
SHP101344,2017-09-03 09:39:53.396698348,Standard Class,Eastern Asia,Africa,Office Supplies,High,1347.86,4.67,2,4,6,74.11,210.21,2,0,37.055
SHP101345,2017-09-03 14:02:49.284642320,Second Class,South America,Pacific Asia,Clothing,Medium,292.45,6.82,3,3,4,60.38,212.43,1,0,20.12666666666667
SHP101346,2017-09-03 18:25:45.172586292,Standard Class,Central America,USCA,Office Supplies,Low,300.16,10.19,3,4,4,56.19,334.38,0,1,18.73
SHP101347,2017-09-03 22:48:41.060530264,Same Day,Oceania,Pacific Asia,Clothing,High,366.57,13.69,2,1,1,109.35,295.56,0,1,54.675
SHP101348,2017-09-04 03:11:36.948474236,Standard Class,Oceania,USCA,Clothing,Medium,1144.94,21.24,4,4,5,122.0,598.66,1,0,30.5
SHP101349,2017-09-04 07:34:32.836418208,Second Class,Oceania,Africa,Clothing,High,996.13,9.53,1,3,3,70.8,176.64,0,1,70.8
SHP101350,2017-09-04 11:57:28.724362180,Standard Class,South America,Pacific Asia,Clothing,High,1551.62,7.5,5,4,5,87.46,644.19,1,0,17.491999999999997
SHP101351,2017-09-04 16:20:24.612306152,Second Class,Western Europe,USCA,Technology,Medium,1664.87,5.51,1,3,4,78.71,156.77,1,0,78.71
SHP101352,2017-09-04 20:43:20.500250124,Second Class,Western Europe,Europe,Technology,Medium,192.74,15.86,5,3,5,70.22,622.04,2,0,14.044
SHP101353,2017-09-05 01:06:16.388194096,Second Class,South America,LATAM,Technology,Medium,1117.67,26.07,1,3,5,114.55,270.96,2,0,114.55
SHP101354,2017-09-05 05:29:12.276138068,Second Class,Central America,USCA,Technology,Medium,1622.35,24.45,1,3,3,127.0,234.65,0,1,127.0
SHP101355,2017-09-05 09:52:08.164082040,First Class,South America,USCA,Clothing,High,607.5,18.0,2,2,3,91.41,305.03,1,0,45.705
SHP101356,2017-09-05 14:15:04.052026012,Standard Class,Western Europe,USCA,Clothing,High,770.56,17.31,3,4,3,84.43,408.29,0,1,28.143333333333334
SHP101357,2017-09-05 18:37:59.939969984,Standard Class,South America,Pacific Asia,Clothing,Low,688.15,30.99,3,4,5,101.89,444.58,1,0,33.96333333333333
SHP101358,2017-09-05 23:00:55.827913956,Standard Class,Oceania,LATAM,Clothing,Medium,710.95,14.62,4,4,4,71.24,386.77,0,1,17.81
SHP101359,2017-09-06 03:23:51.715857928,Same Day,Central America,Pacific Asia,Technology,Critical,1359.96,17.38,4,1,1,153.24,308.73,0,1,38.31
SHP101360,2017-09-06 07:46:47.603801900,Standard Class,Central America,USCA,Office Supplies,Medium,2277.48,10.21,4,4,5,120.93,402.88,1,0,30.2325
SHP101361,2017-09-06 12:09:43.491745872,Second Class,Eastern Asia,USCA,Technology,High,1873.91,5.76,1,3,1,118.86,199.0,0,1,118.86
SHP101362,2017-09-06 16:32:39.379689844,Second Class,South America,LATAM,Clothing,High,529.35,8.36,2,3,1,67.11,179.14,0,1,33.555
SHP101363,2017-09-06 20:55:35.267633816,Standard Class,USCA,Europe,Clothing,Medium,945.12,12.12,2,4,4,74.75,216.98,0,1,37.375
SHP101364,2017-09-07 01:18:31.155577788,Standard Class,USCA,Pacific Asia,Office Supplies,Medium,414.77,12.6,2,4,5,62.54,207.38,1,0,31.27
SHP101365,2017-09-07 05:41:27.043521760,Standard Class,USCA,Europe,Clothing,High,450.76,32.004999999999995,3,4,4,86.22,348.34,0,1,28.74
SHP101366,2017-09-07 10:04:22.931465732,Standard Class,Oceania,USCA,Office Supplies,Medium,746.08,12.74,5,4,3,90.47,670.81,0,1,18.094
SHP101367,2017-09-07 14:27:18.819409704,Standard Class,USCA,USCA,Clothing,Medium,440.82,23.3,3,4,4,89.93,224.43,0,1,29.97666666666667
SHP101368,2017-09-07 18:50:14.707353676,Standard Class,South America,Africa,Office Supplies,High,496.03,9.59,6,4,5,60.49,706.3,1,0,10.081666666666667
SHP101369,2017-09-07 23:13:10.595297648,First Class,Eastern Asia,Africa,Sports,High,929.56,10.26,2,2,3,88.83,270.24,1,0,44.415
SHP101370,2017-09-08 03:36:06.483241620,Same Day,Eastern Asia,Europe,Sports,Medium,1107.11,5.87,4,1,1,113.22,320.66,0,1,28.305
SHP101371,2017-09-08 07:59:02.371185592,Standard Class,South America,Africa,Sports,Low,1087.24,8.1,2,4,6,62.94,194.72,2,0,31.47
SHP101372,2017-09-08 12:21:58.259129564,Standard Class,USCA,LATAM,Sports,Medium,1094.56,16.28,3,4,5,77.84,412.3,1,0,25.94666666666667
SHP101373,2017-09-08 16:44:54.147073536,Standard Class,South America,Europe,Clothing,Medium,266.66,12.23,2,4,4,41.37,306.82,0,1,20.685
SHP101374,2017-09-08 21:07:50.035017508,Second Class,South America,Africa,Clothing,Medium,422.51,20.46,2,3,3,62.8,236.92,0,1,31.4
SHP101375,2017-09-09 01:30:45.922961480,First Class,Western Europe,Africa,Clothing,Medium,805.97,13.46,3,2,1,99.66,209.95,0,1,33.22
SHP101376,2017-09-09 05:53:41.810905452,Standard Class,Eastern Asia,LATAM,Sports,Low,1574.95,10.04,3,4,4,97.46,355.56,0,1,32.486666666666665
SHP101377,2017-09-09 10:16:37.698849424,Standard Class,Central America,LATAM,Office Supplies,Medium,2338.11,32.004999999999995,3,4,6,172.335,556.08,2,0,57.445
SHP101378,2017-09-09 14:39:33.586793396,First Class,USCA,Europe,Office Supplies,Medium,971.58,11.57,5,2,3,119.21,418.72,1,0,23.842
SHP101379,2017-09-09 19:02:29.474737368,Second Class,USCA,Pacific Asia,Sports,Medium,1275.22,23.1,2,3,5,114.6,242.74,2,0,57.3
SHP101380,2017-09-09 23:25:25.362681340,Standard Class,Western Europe,LATAM,Clothing,Medium,239.42,9.77,3,4,4,49.24,269.66,0,1,16.413333333333334
SHP101381,2017-09-10 03:48:21.250625312,Second Class,Oceania,Africa,Sports,Medium,1252.62,18.0,3,3,5,123.67,212.29,2,0,41.223333333333336
SHP101382,2017-09-10 08:11:17.138569284,Standard Class,Central America,Europe,Technology,High,2338.11,20.3,4,4,4,150.56,234.19,0,1,37.64
SHP101383,2017-09-10 12:34:13.026513256,Standard Class,Central America,Pacific Asia,Office Supplies,Medium,421.23,13.66,4,4,6,68.87,387.86,2,0,17.2175
SHP101384,2017-09-10 16:57:08.914457228,Second Class,Central America,Europe,Sports,High,509.04,3.34,4,3,3,58.37,423.62,0,1,14.5925
SHP101385,2017-09-10 21:20:04.802401200,First Class,Eastern Asia,Africa,Sports,High,1387.93,12.31,7,2,3,131.58,218.85,1,0,18.79714285714286
SHP101386,2017-09-11 01:43:00.690345172,Standard Class,Oceania,Pacific Asia,Sports,Medium,798.66,23.97,2,4,6,94.85,351.7,2,0,47.425
SHP101387,2017-09-11 06:05:56.578289144,First Class,Western Europe,Pacific Asia,Sports,High,117.81,16.28,5,2,2,85.79,672.25,0,1,17.158
SHP101388,2017-09-11 10:28:52.466233116,Standard Class,Oceania,LATAM,Clothing,Low,533.71,15.57,5,4,5,86.8,341.02,1,0,17.36
SHP101389,2017-09-11 14:51:48.354177088,Second Class,USCA,USCA,Office Supplies,Medium,1938.42,4.72,5,3,5,111.07,243.47,2,0,22.214
SHP101390,2017-09-11 19:14:44.242121060,Standard Class,Western Europe,Africa,Technology,Medium,634.57,8.2,5,4,4,68.5,549.95,0,1,13.7
SHP101391,2017-09-11 23:37:40.130065032,First Class,Eastern Asia,USCA,Clothing,Low,634.17,15.28,1,2,1,111.24,154.53,0,1,111.24
SHP101392,2017-09-12 04:00:36.018009004,First Class,USCA,Africa,Sports,Medium,1330.62,15.27,2,2,5,124.85,161.77,3,0,62.425
SHP101393,2017-09-12 08:23:31.905952976,Standard Class,Oceania,Europe,Sports,Medium,995.77,23.76,3,4,4,95.95,362.35,0,1,31.983333333333334
SHP101394,2017-09-12 12:46:27.793896948,First Class,Central America,USCA,Sports,High,608.84,11.25,1,2,3,90.19,161.0,1,0,90.19
SHP101395,2017-09-12 17:09:23.681840920,First Class,Oceania,Pacific Asia,Sports,Critical,482.54,15.23,3,2,4,116.69,375.17,2,0,38.89666666666667
SHP101396,2017-09-12 21:32:19.569784892,First Class,USCA,LATAM,Office Supplies,Low,2338.11,12.29,4,2,2,172.335,392.81,0,1,43.08375
SHP101397,2017-09-13 01:55:15.457728864,Standard Class,Eastern Asia,Africa,Sports,Medium,1737.08,7.08,8,4,3,118.68,518.92,0,1,14.835
SHP101398,2017-09-13 06:18:11.345672836,First Class,Eastern Asia,LATAM,Technology,Medium,1094.29,3.52,5,2,3,100.19,397.55,1,0,20.038
SHP101399,2017-09-13 10:41:07.233616808,First Class,Eastern Asia,Africa,Clothing,Medium,1141.83,15.44,3,2,1,120.74,404.96,0,1,40.24666666666666
SHP101400,2017-09-13 15:04:03.121560780,Standard Class,Western Europe,Pacific Asia,Office Supplies,High,714.19,13.41,3,4,4,73.92,177.82,0,1,24.64
SHP101401,2017-09-13 19:26:59.009504752,Same Day,Oceania,Pacific Asia,Sports,Medium,987.6,8.67,5,1,2,116.51,310.37,1,0,23.302
SHP101402,2017-09-13 23:49:54.897448724,Standard Class,Central America,Pacific Asia,Technology,Low,659.39,5.0,2,4,4,58.44,278.23,0,1,29.22
SHP101403,2017-09-14 04:12:50.785392696,Standard Class,Central America,Pacific Asia,Clothing,High,389.9,17.22,2,4,3,56.64,329.9,0,1,28.32
SHP101404,2017-09-14 08:35:46.673336668,Standard Class,South America,Pacific Asia,Clothing,High,1014.34,10.52,5,4,6,82.13,345.43,2,0,16.426
SHP101405,2017-09-14 12:58:42.561280640,Second Class,Eastern Asia,LATAM,Office Supplies,Medium,617.5,16.55,5,3,4,111.1,326.1,1,0,22.22
SHP101406,2017-09-14 17:21:38.449224612,Second Class,USCA,Europe,Clothing,Medium,1050.61,32.004999999999995,6,3,5,142.25,534.32,2,0,23.708333333333332
SHP101407,2017-09-14 21:44:34.337168584,Standard Class,Central America,USCA,Sports,Medium,1186.33,3.75,1,4,4,60.47,98.11,0,1,60.47
SHP101408,2017-09-15 02:07:30.225112556,Same Day,Eastern Asia,LATAM,Sports,Medium,1088.4,8.29,2,1,1,123.19,241.56,0,1,61.595
SHP101409,2017-09-15 06:30:26.113056528,Standard Class,Central America,USCA,Technology,Medium,363.51,10.86,2,4,5,50.28,168.76,1,0,25.14
SHP101410,2017-09-15 10:53:22.001000500,Standard Class,Oceania,Europe,Technology,Medium,568.06,27.12,1,4,4,90.17,117.78,0,1,90.17
SHP101411,2017-09-15 15:16:17.888944472,Standard Class,South America,Africa,Clothing,High,626.57,4.95,2,4,3,43.26,183.83,0,1,21.63
SHP101412,2017-09-15 19:39:13.776888444,Second Class,Eastern Asia,Europe,Office Supplies,Medium,1487.84,32.004999999999995,2,3,5,157.09,436.52,2,0,78.545
SHP101413,2017-09-16 00:02:09.664832416,First Class,Western Europe,Europe,Sports,Medium,1437.96,13.13,1,2,2,120.58,144.39,0,1,120.58
SHP101414,2017-09-16 04:25:05.552776388,Second Class,Western Europe,Africa,Clothing,Medium,443.25,11.56,6,3,1,72.3,443.06,0,1,12.049999999999999
SHP101415,2017-09-16 08:48:01.440720360,First Class,Central America,USCA,Office Supplies,Medium,260.88,10.93,2,2,4,80.03,314.14,2,0,40.015
SHP101416,2017-09-16 13:10:57.328664332,Standard Class,Oceania,Pacific Asia,Clothing,Medium,2338.11,9.58,2,4,4,168.4,214.75,0,1,84.2
SHP101417,2017-09-16 17:33:53.216608304,Standard Class,USCA,Africa,Office Supplies,Medium,1059.61,21.68,3,4,4,94.45,297.72,0,1,31.483333333333334
SHP101418,2017-09-16 21:56:49.104552276,Standard Class,Eastern Asia,Africa,Technology,Medium,229.41,6.77,8,4,2,65.03,601.52,0,1,8.12875
SHP101419,2017-09-17 02:19:44.992496248,Standard Class,South America,Europe,Sports,Medium,502.52,14.73,6,4,7,80.87,372.01,3,0,13.478333333333333
SHP101420,2017-09-17 06:42:40.880440220,Standard Class,Oceania,Africa,Office Supplies,Medium,1528.28,9.86,4,4,3,102.87,356.74,0,1,25.7175
SHP101421,2017-09-17 11:05:36.768384192,Second Class,Central America,LATAM,Sports,Low,2338.11,8.01,1,3,4,149.41,164.19,1,0,149.41
SHP101422,2017-09-17 15:28:32.656328164,Standard Class,Oceania,Pacific Asia,Office Supplies,Low,2338.11,32.004999999999995,2,4,6,168.29,319.39,2,0,84.145
SHP101423,2017-09-17 19:51:28.544272136,Second Class,South America,Europe,Office Supplies,Medium,1029.5,15.34,4,3,4,105.02,272.81,1,0,26.255
SHP101424,2017-09-18 00:14:24.432216108,Standard Class,Oceania,USCA,Clothing,Low,785.94,17.07,1,4,4,79.62,169.31,0,1,79.62
SHP101425,2017-09-18 04:37:20.320160080,Standard Class,Eastern Asia,USCA,Office Supplies,Medium,334.25,22.78,2,4,3,68.0,343.98,0,1,34.0
SHP101426,2017-09-18 09:00:16.208104052,Second Class,Central America,USCA,Office Supplies,High,834.2,5.57,2,3,3,78.36,106.77,0,1,39.18
SHP101427,2017-09-18 13:23:12.096048024,Standard Class,South America,USCA,Clothing,High,374.28,31.94,6,4,5,100.32,377.22,1,0,16.72
SHP101428,2017-09-18 17:46:07.983991996,First Class,Central America,USCA,Clothing,Medium,572.36,3.07,4,2,2,95.02,475.57,0,1,23.755
SHP101429,2017-09-18 22:09:03.871935968,Second Class,USCA,Europe,Sports,High,1386.98,7.98,3,3,4,95.84,300.01,1,0,31.94666666666667
SHP101430,2017-09-19 02:31:59.759879940,Standard Class,Eastern Asia,LATAM,Office Supplies,Medium,656.93,9.46,5,4,5,58.65,179.69,1,0,11.73
SHP101431,2017-09-19 06:54:55.647823912,Same Day,South America,LATAM,Clothing,High,624.3,16.78,3,1,3,132.63,423.13,2,0,44.21
SHP101432,2017-09-19 11:17:51.535767884,Standard Class,USCA,USCA,Sports,Medium,755.54,13.74,2,4,3,67.48,201.71,0,1,33.74
SHP101433,2017-09-19 15:40:47.423711856,Standard Class,USCA,LATAM,Sports,Medium,2338.11,11.11,4,4,7,157.99,465.33,3,0,39.4975
SHP101434,2017-09-19 20:03:43.311655828,Second Class,USCA,Pacific Asia,Technology,Medium,303.37,12.1,2,3,4,70.89,315.73,1,0,35.445
SHP101435,2017-09-20 00:26:39.199599800,Standard Class,South America,LATAM,Clothing,Low,956.31,7.11,4,4,4,86.27,433.28,0,1,21.5675
SHP101436,2017-09-20 04:49:35.087543772,First Class,Central America,Africa,Technology,Critical,2288.06,5.35,6,2,4,154.34,621.71,2,0,25.723333333333333
SHP101437,2017-09-20 09:12:30.975487744,First Class,Oceania,USCA,Sports,Low,753.91,18.17,3,2,5,104.44,299.67,3,0,34.81333333333333
SHP101438,2017-09-20 13:35:26.863431716,Same Day,Oceania,Africa,Office Supplies,Medium,1716.57,17.84,3,1,1,163.85,475.92,0,1,54.61666666666667
SHP101439,2017-09-20 17:58:22.751375688,Standard Class,USCA,Africa,Clothing,Medium,244.49,29.12,2,4,4,81.39,379.84,0,1,40.695
SHP101440,2017-09-20 22:21:18.639319660,Standard Class,Western Europe,USCA,Clothing,Low,673.2,7.89,4,4,2,80.71,286.43,0,1,20.1775
SHP101441,2017-09-21 02:44:14.527263632,Second Class,Western Europe,Europe,Sports,Medium,408.69,17.83,5,3,4,84.97,711.84,1,0,16.994
SHP101442,2017-09-21 07:07:10.415207604,Standard Class,South America,LATAM,Clothing,Low,748.11,10.42,2,4,5,68.84,247.36,1,0,34.42
SHP101443,2017-09-21 11:30:06.303151576,Standard Class,Central America,Pacific Asia,Sports,Medium,759.68,23.45,6,4,4,103.32,886.79,0,1,17.22
SHP101444,2017-09-21 15:53:02.191095548,Standard Class,South America,Europe,Clothing,High,817.77,21.37,3,4,4,82.15,350.3,0,1,27.383333333333336
SHP101445,2017-09-21 20:15:58.079039520,Standard Class,Central America,Pacific Asia,Clothing,Medium,1378.58,13.68,4,4,2,99.14,319.31,0,1,24.785
SHP101446,2017-09-22 00:38:53.966983492,Standard Class,Eastern Asia,USCA,Office Supplies,Low,72.31,10.11,2,4,5,42.13,152.17,1,0,21.065
SHP101447,2017-09-22 05:01:49.854927464,First Class,Western Europe,LATAM,Sports,High,484.85,20.67,5,2,4,122.06,596.58,2,0,24.412
SHP101448,2017-09-22 09:24:45.742871436,First Class,South America,Europe,Technology,Critical,911.6,17.39,1,2,2,110.46,167.2,0,1,110.46
SHP101449,2017-09-22 13:47:41.630815408,Standard Class,Eastern Asia,USCA,Office Supplies,Medium,124.94,8.36,6,4,5,49.02,333.33,1,0,8.17
SHP101450,2017-09-22 18:10:37.518759380,Standard Class,Oceania,Europe,Sports,Medium,1196.08,5.87,5,4,3,81.62,267.24,0,1,16.324
SHP101451,2017-09-22 22:33:33.406703352,Standard Class,Western Europe,Africa,Clothing,Critical,477.53,10.39,3,4,5,60.32,338.17,1,0,20.106666666666666
SHP101452,2017-09-23 02:56:29.294647324,First Class,Central America,LATAM,Sports,Medium,682.81,28.04,4,2,2,127.01,438.48,0,1,31.7525
SHP101453,2017-09-23 07:19:25.182591296,Standard Class,USCA,LATAM,Sports,Medium,1419.64,22.89,2,4,4,122.23,354.39,0,1,61.115
SHP101454,2017-09-23 11:42:21.070535268,Second Class,Oceania,USCA,Office Supplies,Medium,1766.69,6.61,3,3,3,120.04,155.14,0,1,40.013333333333335
SHP101455,2017-09-23 16:05:16.958479240,Standard Class,Oceania,USCA,Sports,Critical,1220.44,6.41,2,4,4,68.34,75.97,0,1,34.17
SHP101456,2017-09-23 20:28:12.846423212,Second Class,Eastern Asia,USCA,Clothing,Critical,295.6,24.56,6,3,4,109.16,614.04,1,0,18.19333333333333
SHP101457,2017-09-24 00:51:08.734367184,Standard Class,South America,LATAM,Technology,High,1180.25,6.52,2,4,3,82.81,279.43,0,1,41.405
SHP101458,2017-09-24 05:14:04.622311156,First Class,USCA,Africa,Technology,Medium,1233.45,16.12,4,2,2,124.71,255.97,0,1,31.1775
SHP101459,2017-09-24 09:37:00.510255128,Standard Class,South America,LATAM,Clothing,Medium,1076.76,8.68,3,4,4,65.55,192.03,0,1,21.849999999999998
SHP101460,2017-09-24 13:59:56.398199100,Second Class,Eastern Asia,USCA,Technology,Medium,1951.24,29.65,4,3,2,163.57,639.94,0,1,40.8925
SHP101461,2017-09-24 18:22:52.286143072,Standard Class,Oceania,Pacific Asia,Office Supplies,High,833.09,7.97,1,4,7,60.83,195.07,3,0,60.83
SHP101462,2017-09-24 22:45:48.174087044,Second Class,Western Europe,Africa,Sports,High,1903.83,22.85,5,3,3,155.25,549.14,0,1,31.05
SHP101463,2017-09-25 03:08:44.062031016,First Class,Oceania,LATAM,Sports,Medium,1896.49,13.49,2,2,2,144.47,155.41,0,1,72.235
SHP101464,2017-09-25 07:31:39.949974988,Standard Class,Eastern Asia,Pacific Asia,Technology,High,1256.54,14.0,3,4,3,106.54,375.35,0,1,35.513333333333335
SHP101465,2017-09-25 11:54:35.837918960,First Class,Oceania,Africa,Technology,Medium,966.79,4.12,3,2,5,82.21,245.53,3,0,27.403333333333332
SHP101466,2017-09-25 16:17:31.725862932,Second Class,USCA,LATAM,Technology,Medium,1080.96,3.63,3,3,4,101.11,285.17,1,0,33.70333333333333
SHP101467,2017-09-25 20:40:27.613806904,Standard Class,Oceania,USCA,Office Supplies,High,2220.0,10.79,2,4,3,128.18,265.36,0,1,64.09
SHP101468,2017-09-26 01:03:23.501750876,Standard Class,Oceania,LATAM,Sports,Medium,1573.64,13.95,3,4,6,112.12,381.42,2,0,37.373333333333335
SHP101469,2017-09-26 05:26:19.389694848,Standard Class,Oceania,Africa,Sports,Medium,328.23,6.56,1,4,5,61.05,138.18,1,0,61.05
SHP101470,2017-09-26 09:49:15.277638820,Second Class,Western Europe,USCA,Clothing,Low,1035.23,6.69,6,3,4,96.14,784.65,1,0,16.023333333333333
SHP101471,2017-09-26 14:12:11.165582792,Second Class,Central America,Europe,Clothing,High,391.26,16.59,5,3,3,95.36,338.75,0,1,19.072
SHP101472,2017-09-26 18:35:07.053526764,Standard Class,Central America,Pacific Asia,Office Supplies,High,466.19,16.6,6,4,4,80.73,404.59,0,1,13.455
SHP101473,2017-09-26 22:58:02.941470736,Standard Class,South America,USCA,Sports,Critical,590.03,11.29,3,4,5,74.05,323.91,1,0,24.683333333333334
SHP101474,2017-09-27 03:20:58.829414708,First Class,Central America,USCA,Sports,High,222.42,18.71,5,2,2,107.42,615.48,0,1,21.484
SHP101475,2017-09-27 07:43:54.717358680,First Class,Central America,Africa,Clothing,Medium,369.95,6.39,4,2,5,86.97,160.74,3,0,21.7425
SHP101476,2017-09-27 12:06:50.605302652,Standard Class,Central America,Africa,Clothing,Medium,2018.89,10.02,1,4,3,95.58,160.31,0,1,95.58
SHP101477,2017-09-27 16:29:46.493246624,Same Day,Oceania,Pacific Asia,Sports,Critical,463.86,12.27,1,1,3,132.29,274.72,2,0,132.29
SHP101478,2017-09-27 20:52:42.381190596,Standard Class,Oceania,Africa,Office Supplies,Medium,1383.69,12.65,2,4,4,104.74,240.78,0,1,52.37
SHP101479,2017-09-28 01:15:38.269134568,Standard Class,USCA,USCA,Technology,High,886.8,13.06,4,4,5,87.03,467.84,1,0,21.7575
SHP101480,2017-09-28 05:38:34.157078540,First Class,Western Europe,Pacific Asia,Office Supplies,High,1146.25,32.004999999999995,3,2,3,153.17,396.57,1,0,51.056666666666665
SHP101481,2017-09-28 10:01:30.045022512,Standard Class,Oceania,Pacific Asia,Sports,High,1179.07,5.64,4,4,4,83.99,183.65,0,1,20.9975
SHP101482,2017-09-28 14:24:25.932966484,Standard Class,Oceania,LATAM,Technology,Low,356.01,18.88,4,4,5,64.51,503.44,1,0,16.1275
SHP101483,2017-09-28 18:47:21.820910456,Standard Class,Central America,USCA,Office Supplies,Medium,1378.37,30.42,2,4,1,133.08,455.77,0,1,66.54
SHP101484,2017-09-28 23:10:17.708854428,First Class,Western Europe,USCA,Office Supplies,High,268.1,10.19,4,2,2,84.07,297.87,0,1,21.0175
SHP101485,2017-09-29 03:33:13.596798400,First Class,Western Europe,Africa,Sports,High,448.29,19.55,2,2,1,99.64,287.37,0,1,49.82
SHP101486,2017-09-29 07:56:09.484742372,Standard Class,Central America,USCA,Clothing,High,1167.65,7.1,4,4,3,80.04,520.81,0,1,20.01
SHP101487,2017-09-29 12:19:05.372686344,Standard Class,Central America,Africa,Office Supplies,Medium,335.99,8.35,7,4,4,64.37,417.75,0,1,9.195714285714287
SHP101488,2017-09-29 16:42:01.260630316,Standard Class,Western Europe,USCA,Office Supplies,Medium,110.98,15.06,2,4,5,51.52,168.35,1,0,25.76
SHP101489,2017-09-29 21:04:57.148574288,Second Class,Eastern Asia,LATAM,Clothing,High,1002.24,18.9,4,3,4,106.19,272.47,1,0,26.5475
SHP101490,2017-09-30 01:27:53.036518260,Standard Class,Central America,USCA,Office Supplies,High,185.25,22.57,6,4,5,96.21,608.01,1,0,16.035
SHP101491,2017-09-30 05:50:48.924462232,First Class,Central America,LATAM,Office Supplies,Medium,1241.85,28.88,3,2,2,131.68,517.55,0,1,43.89333333333334
SHP101492,2017-09-30 10:13:44.812406204,Standard Class,Western Europe,USCA,Clothing,Medium,623.14,11.74,5,4,5,59.35,490.71,1,0,11.870000000000001
SHP101493,2017-09-30 14:36:40.700350176,Standard Class,Eastern Asia,USCA,Sports,High,992.41,23.49,2,4,5,107.05,310.28,1,0,53.525
SHP101494,2017-09-30 18:59:36.588294148,Standard Class,USCA,Europe,Sports,Medium,979.77,10.09,2,4,6,64.48,222.11,2,0,32.24
SHP101495,2017-09-30 23:22:32.476238120,Standard Class,Eastern Asia,USCA,Sports,High,1303.38,20.01,1,4,5,84.1,240.73,1,0,84.1
SHP101496,2017-10-01 03:45:28.364182092,First Class,South America,LATAM,Technology,Medium,1190.58,13.66,2,2,3,123.38,243.86,1,0,61.69
SHP101497,2017-10-01 08:08:24.252126064,Standard Class,Eastern Asia,Pacific Asia,Sports,Medium,333.34,15.57,4,4,3,79.03,234.4,0,1,19.7575
SHP101498,2017-10-01 12:31:20.140070036,Standard Class,Central America,LATAM,Technology,High,652.11,15.38,4,4,4,66.73,358.09,0,1,16.6825
SHP101499,2017-10-01 16:54:16.028014008,Standard Class,Oceania,USCA,Technology,Low,991.61,5.04,3,4,4,53.12,242.86,0,1,17.706666666666667
SHP101500,2017-10-01 21:17:11.915957980,Standard Class,Western Europe,Africa,Technology,Medium,1925.58,6.56,1,4,4,88.74,135.62,0,1,88.74
SHP101501,2017-10-02 01:40:07.803901952,Standard Class,USCA,Europe,Clothing,Medium,1197.88,12.89,3,4,5,84.33,347.03,1,0,28.11
SHP101502,2017-10-02 06:03:03.691845924,Standard Class,Central America,Africa,Technology,High,1820.55,4.82,2,4,5,112.61,312.64,1,0,56.305
SHP101503,2017-10-02 10:25:59.579789896,Standard Class,USCA,Europe,Technology,Medium,811.27,19.24,4,4,4,94.74,381.4,0,1,23.685
SHP101504,2017-10-02 14:48:55.467733868,Second Class,Western Europe,Europe,Clothing,Medium,1591.45,19.68,1,3,4,131.1,247.25,1,0,131.1
SHP101505,2017-10-02 19:11:51.355677840,Standard Class,USCA,Africa,Office Supplies,High,935.94,14.58,2,4,5,88.51,222.94,1,0,44.255
SHP101506,2017-10-02 23:34:47.243621812,Standard Class,Eastern Asia,USCA,Office Supplies,Medium,1549.61,6.58,4,4,4,105.97,379.09,0,1,26.4925
SHP101507,2017-10-03 03:57:43.131565784,Same Day,Western Europe,LATAM,Technology,Low,599.14,26.03,5,1,1,137.68,313.3,0,1,27.536
SHP101508,2017-10-03 08:20:39.019509756,Standard Class,Central America,Africa,Sports,Medium,2066.84,32.004999999999995,1,4,2,155.75,312.42,0,1,155.75
SHP101509,2017-10-03 12:43:34.907453728,Standard Class,Oceania,Pacific Asia,Office Supplies,Critical,1107.24,13.21,3,4,4,86.06,333.53,0,1,28.686666666666667
SHP101510,2017-10-03 17:06:30.795397700,Standard Class,Central America,Europe,Sports,Medium,223.97,16.13,2,4,5,64.72,330.6,1,0,32.36
SHP101511,2017-10-03 21:29:26.683341672,Standard Class,South America,LATAM,Clothing,Medium,1014.46,13.61,2,4,4,93.95,306.23,0,1,46.975
SHP101512,2017-10-04 01:52:22.571285644,Second Class,Western Europe,Pacific Asia,Office Supplies,Medium,1200.5,16.31,3,3,3,128.48,393.49,0,1,42.82666666666666
SHP101513,2017-10-04 06:15:18.459229616,Standard Class,Central America,LATAM,Clothing,High,1409.58,11.41,2,4,5,89.35,264.41,1,0,44.675
SHP101514,2017-10-04 10:38:14.347173588,Second Class,Eastern Asia,USCA,Technology,High,2338.11,11.95,5,3,4,153.66,603.02,1,0,30.732
SHP101515,2017-10-04 15:01:10.235117560,Standard Class,Eastern Asia,Pacific Asia,Office Supplies,Medium,528.12,20.05,4,4,3,90.37,503.89,0,1,22.5925
SHP101516,2017-10-04 19:24:06.123061532,Standard Class,USCA,Africa,Technology,Low,2338.11,32.004999999999995,4,4,6,172.335,473.33,2,0,43.08375
SHP101517,2017-10-04 23:47:02.011005504,Second Class,Central America,LATAM,Technology,High,786.12,5.64,6,3,5,98.1,288.39,2,0,16.349999999999998
SHP101518,2017-10-05 04:09:57.898949476,Standard Class,USCA,Africa,Clothing,Medium,430.46,11.51,4,4,3,62.81,302.35,0,1,15.7025
SHP101519,2017-10-05 08:32:53.786893448,Second Class,South America,Africa,Office Supplies,Critical,811.27,6.36,3,3,3,64.18,317.61,0,1,21.393333333333334
SHP101520,2017-10-05 12:55:49.674837420,Standard Class,Western Europe,LATAM,Office Supplies,Medium,1153.38,29.24,3,4,6,130.89,235.52,2,0,43.629999999999995
SHP101521,2017-10-05 17:18:45.562781392,Second Class,South America,LATAM,Office Supplies,High,379.75,8.82,3,3,3,69.39,184.0,0,1,23.13
SHP101522,2017-10-05 21:41:41.450725364,Standard Class,Oceania,Europe,Technology,Low,606.98,5.51,4,4,2,64.02,243.38,0,1,16.005
SHP101523,2017-10-06 02:04:37.338669336,First Class,USCA,Europe,Office Supplies,High,997.31,17.31,5,2,1,120.9,589.48,0,1,24.18
SHP101524,2017-10-06 06:27:33.226613308,Standard Class,Central America,Pacific Asia,Sports,Medium,2056.72,31.8,2,4,4,160.56,322.67,0,1,80.28
SHP101525,2017-10-06 10:50:29.114557280,First Class,USCA,Pacific Asia,Sports,Medium,1383.23,17.55,2,2,1,120.21,204.5,0,1,60.105
SHP101526,2017-10-06 15:13:25.002501252,Standard Class,South America,Pacific Asia,Technology,Low,809.24,13.63,1,4,4,69.24,135.0,0,1,69.24
SHP101527,2017-10-06 19:36:20.890445224,Second Class,Oceania,Europe,Clothing,Low,1149.87,15.26,7,3,4,91.37,732.28,1,0,13.052857142857144
SHP101528,2017-10-06 23:59:16.778389196,Standard Class,South America,Africa,Sports,Medium,930.79,26.53,1,4,6,95.18,209.49,2,0,95.18
SHP101529,2017-10-07 04:22:12.666333168,First Class,Oceania,USCA,Clothing,Medium,291.63,7.53,2,2,2,80.15,217.97,0,1,40.075
SHP101530,2017-10-07 08:45:08.554277140,Standard Class,Eastern Asia,USCA,Office Supplies,High,2284.37,11.46,5,4,6,131.49,263.11,2,0,26.298000000000002
SHP101531,2017-10-07 13:08:04.442221112,Standard Class,Eastern Asia,LATAM,Sports,Medium,2077.37,9.5,1,4,6,101.99,183.36,2,0,101.99
SHP101532,2017-10-07 17:31:00.330165084,Standard Class,Central America,Europe,Technology,High,742.33,6.41,3,4,6,75.88,301.58,2,0,25.293333333333333
SHP101533,2017-10-07 21:53:56.218109056,Standard Class,South America,LATAM,Technology,Low,552.34,10.17,2,4,5,61.88,322.89,1,0,30.94
SHP101534,2017-10-08 02:16:52.106053028,Standard Class,Eastern Asia,USCA,Clothing,Medium,297.73,22.4,2,4,2,88.99,353.26,0,1,44.495
SHP101535,2017-10-08 06:39:47.993997000,First Class,USCA,LATAM,Technology,Medium,1198.37,16.64,3,2,3,130.1,454.34,1,0,43.36666666666667
SHP101536,2017-10-08 11:02:43.881940972,Same Day,Western Europe,Europe,Clothing,Critical,1203.57,17.36,3,1,3,145.57,240.16,2,0,48.52333333333333
SHP101537,2017-10-08 15:25:39.769884944,Standard Class,USCA,Europe,Clothing,High,407.11,13.2,3,4,4,80.03,369.77,0,1,26.676666666666666
SHP101538,2017-10-08 19:48:35.657828916,First Class,Eastern Asia,Europe,Sports,Medium,938.43,16.25,3,2,5,109.22,255.59,3,0,36.406666666666666
SHP101539,2017-10-09 00:11:31.545772888,Standard Class,Eastern Asia,USCA,Sports,High,1355.24,7.84,3,4,5,77.2,379.37,1,0,25.733333333333334
SHP101540,2017-10-09 04:34:27.433716860,Standard Class,South America,Europe,Technology,Medium,523.43,10.28,3,4,5,76.71,356.36,1,0,25.569999999999997
SHP101541,2017-10-09 08:57:23.321660832,Second Class,Oceania,Pacific Asia,Clothing,Medium,676.58,13.54,5,3,5,95.99,632.48,2,0,19.198
SHP101542,2017-10-09 13:20:19.209604804,Second Class,Western Europe,Pacific Asia,Sports,Low,671.71,14.19,2,3,4,96.6,284.36,1,0,48.3
SHP101543,2017-10-09 17:43:15.097548776,Same Day,Western Europe,Europe,Office Supplies,Medium,428.89,14.53,2,1,1,117.09,261.49,0,1,58.545
SHP101544,2017-10-09 22:06:10.985492748,Standard Class,Oceania,Pacific Asia,Technology,Medium,686.87,11.29,3,4,4,84.65,257.99,0,1,28.21666666666667
SHP101545,2017-10-10 02:29:06.873436720,Second Class,South America,Europe,Technology,High,188.82,9.9,3,3,5,57.32,249.79,2,0,19.106666666666666
SHP101546,2017-10-10 06:52:02.761380692,Standard Class,Eastern Asia,USCA,Office Supplies,Medium,645.99,32.004999999999995,4,4,4,111.91,553.5,0,1,27.9775
SHP101547,2017-10-10 11:14:58.649324664,Standard Class,Oceania,Pacific Asia,Office Supplies,High,653.43,20.06,3,4,4,82.69,410.41,0,1,27.563333333333333
SHP101548,2017-10-10 15:37:54.537268636,Standard Class,Western Europe,USCA,Office Supplies,Medium,749.09,15.29,2,4,3,75.07,383.41,0,1,37.535
SHP101549,2017-10-10 20:00:50.425212608,Same Day,Western Europe,Pacific Asia,Sports,Low,1092.55,10.72,5,1,4,118.92,527.97,3,0,23.784
SHP101550,2017-10-11 00:23:46.313156580,First Class,Eastern Asia,Africa,Office Supplies,High,276.41,12.27,5,2,4,83.75,555.04,2,0,16.75
SHP101551,2017-10-11 04:46:42.201100552,First Class,Eastern Asia,Africa,Technology,High,325.18,11.34,4,2,1,91.91,504.11,0,1,22.9775
SHP101552,2017-10-11 09:09:38.089044524,Standard Class,Central America,USCA,Sports,High,419.96,14.31,4,4,5,62.33,438.61,1,0,15.5825
SHP101553,2017-10-11 13:32:33.976988496,Standard Class,USCA,Pacific Asia,Clothing,Medium,250.65,4.33,1,4,4,28.85,114.94,0,1,28.85
SHP101554,2017-10-11 17:55:29.864932468,Standard Class,Oceania,Africa,Office Supplies,High,1177.41,5.14,5,4,5,79.74,476.29,1,0,15.947999999999999
SHP101555,2017-10-11 22:18:25.752876440,Standard Class,Eastern Asia,Europe,Technology,High,505.66,8.58,4,4,5,68.21,388.53,1,0,17.0525
SHP101556,2017-10-12 02:41:21.640820412,Standard Class,Central America,LATAM,Office Supplies,Medium,766.1,13.65,3,4,5,67.21,230.49,1,0,22.403333333333332
SHP101557,2017-10-12 07:04:17.528764384,Second Class,South America,Africa,Clothing,Medium,390.97,10.68,5,3,4,96.43,395.08,1,0,19.286
SHP101558,2017-10-12 11:27:13.416708356,Standard Class,Western Europe,Africa,Office Supplies,Low,595.21,27.47,2,4,8,81.58,442.5,4,0,40.79
SHP101559,2017-10-12 15:50:09.304652328,Standard Class,Oceania,Europe,Clothing,Medium,969.79,5.39,2,4,3,61.51,118.44,0,1,30.755
SHP101560,2017-10-12 20:13:05.192596300,Standard Class,USCA,Africa,Sports,Medium,1002.34,8.06,2,4,3,82.79,263.0,0,1,41.395
SHP101561,2017-10-13 00:36:01.080540272,Standard Class,South America,Africa,Technology,Critical,337.46,28.11,4,4,4,99.11,658.01,0,1,24.7775
SHP101562,2017-10-13 04:58:56.968484244,Standard Class,Oceania,Africa,Technology,Medium,738.65,13.09,5,4,3,87.84,493.29,0,1,17.568
SHP101563,2017-10-13 09:21:52.856428216,First Class,Oceania,Pacific Asia,Technology,High,396.54,19.82,7,2,1,103.89,728.23,0,1,14.84142857142857
SHP101564,2017-10-13 13:44:48.744372188,Second Class,Eastern Asia,Africa,Clothing,High,718.89,32.004999999999995,3,3,2,121.2,588.75,0,1,40.4
SHP101565,2017-10-13 18:07:44.632316160,First Class,Central America,LATAM,Office Supplies,Medium,472.93,8.32,4,2,1,76.82,390.16,0,1,19.205
SHP101566,2017-10-13 22:30:40.520260132,Standard Class,Oceania,Pacific Asia,Office Supplies,Low,2338.11,11.53,4,4,3,129.03,278.58,0,1,32.2575
SHP101567,2017-10-14 02:53:36.408204104,Standard Class,USCA,Pacific Asia,Clothing,Medium,1350.13,10.49,5,4,5,100.08,621.67,1,0,20.016
SHP101568,2017-10-14 07:16:32.296148076,Standard Class,South America,USCA,Office Supplies,High,1032.38,4.16,3,4,4,61.37,271.36,0,1,20.456666666666667
SHP101569,2017-10-14 11:39:28.184092048,First Class,USCA,Africa,Clothing,Critical,634.61,10.27,2,2,2,72.96,300.62,0,1,36.48
SHP101570,2017-10-14 16:02:24.072036020,First Class,Oceania,LATAM,Office Supplies,Medium,1375.85,19.78,4,2,4,147.28,482.52,2,0,36.82
SHP101571,2017-10-14 20:25:19.959979992,Standard Class,USCA,LATAM,Sports,High,754.31,16.4,3,4,4,79.8,268.8,0,1,26.599999999999998
SHP101572,2017-10-15 00:48:15.847923964,Standard Class,USCA,USCA,Technology,Medium,2224.77,17.12,3,4,4,140.92,444.72,0,1,46.97333333333333
SHP101573,2017-10-15 05:11:11.735867936,Standard Class,Central America,LATAM,Office Supplies,High,1466.51,9.91,6,4,5,99.38,673.06,1,0,16.563333333333333
SHP101574,2017-10-15 09:34:07.623811908,Second Class,Western Europe,Pacific Asia,Clothing,Medium,591.93,8.49,4,3,1,80.89,242.81,0,1,20.2225
SHP101575,2017-10-15 13:57:03.511755880,Standard Class,Oceania,Europe,Sports,Low,2066.26,24.49,3,2,1,172.335,550.12,0,1,57.445
SHP101576,2017-10-15 18:19:59.399699852,Second Class,South America,Pacific Asia,Office Supplies,Low,637.05,9.27,2,3,4,63.69,251.55,1,0,31.845
SHP101577,2017-10-15 22:42:55.287643824,Standard Class,Western Europe,Europe,Office Supplies,Low,2338.11,14.32,3,4,5,130.48,358.18,1,0,43.49333333333333
SHP101578,2017-10-16 03:05:51.175587796,Standard Class,USCA,LATAM,Clothing,Medium,2136.09,13.33,2,4,7,113.65,265.12,3,0,56.825
SHP101579,2017-10-16 07:28:47.063531768,Standard Class,Western Europe,Africa,Sports,High,966.17,27.22,6,4,5,134.75,446.45,1,0,22.458333333333332
SHP101580,2017-10-16 11:51:42.951475740,Standard Class,Eastern Asia,Europe,Technology,Medium,196.02,20.79,5,4,5,74.61,572.97,1,0,14.922
SHP101581,2017-10-16 16:14:38.839419712,Standard Class,Eastern Asia,Pacific Asia,Clothing,Medium,915.09,5.98,2,4,4,73.77,152.35,0,1,36.885
SHP101582,2017-10-16 20:37:34.727363684,Second Class,Oceania,Pacific Asia,Office Supplies,Medium,307.86,6.34,2,3,4,33.39,231.26,1,0,16.695
SHP101583,2017-10-17 01:00:30.615307656,Second Class,South America,Pacific Asia,Technology,High,484.36,16.75,4,3,5,90.47,501.2,2,0,22.6175
SHP101584,2017-10-17 05:23:26.503251628,Standard Class,Eastern Asia,Pacific Asia,Office Supplies,High,513.54,11.76,4,4,2,63.89,539.18,0,1,15.9725
SHP101585,2017-10-17 09:46:22.391195600,First Class,USCA,USCA,Clothing,High,305.54,9.48,6,2,3,98.26,602.49,1,0,16.37666666666667
SHP101586,2017-10-17 14:09:18.279139572,Standard Class,Central America,LATAM,Sports,Medium,917.48,21.3,2,4,7,99.38,226.67,3,0,49.69
SHP101587,2017-10-17 18:32:14.167083544,Standard Class,Central America,Africa,Technology,Medium,439.98,13.51,1,4,5,56.43,242.95,1,0,56.43
SHP101588,2017-10-17 22:55:10.055027516,Standard Class,USCA,USCA,Clothing,High,659.02,12.54,1,4,6,80.35,181.78,2,0,80.35
SHP101589,2017-10-18 03:18:05.942971488,Standard Class,Western Europe,LATAM,Clothing,Medium,516.97,18.71,5,4,4,97.31,501.13,0,1,19.462
SHP101590,2017-10-18 07:41:01.830915460,Standard Class,USCA,Europe,Technology,Medium,1095.73,9.91,1,4,4,90.24,142.25,0,1,90.24
SHP101591,2017-10-18 12:03:57.718859432,Standard Class,Western Europe,USCA,Sports,Medium,1042.62,28.87,2,4,5,118.31,425.73,1,0,59.155
SHP101592,2017-10-18 16:26:53.606803404,Standard Class,Western Europe,USCA,Office Supplies,High,620.3,7.9,2,4,2,56.43,318.65,0,1,28.215
SHP101593,2017-10-18 20:49:49.494747376,Same Day,Central America,USCA,Technology,High,1132.68,17.48,4,1,1,146.2,511.42,0,1,36.55
SHP101594,2017-10-19 01:12:45.382691348,Standard Class,Eastern Asia,USCA,Clothing,High,1721.81,26.81,5,4,3,135.26,664.16,0,1,27.052
SHP101595,2017-10-19 05:35:41.270635320,Standard Class,USCA,Europe,Technology,Medium,92.7,5.71,5,4,5,46.02,303.81,1,0,9.204
SHP101596,2017-10-19 09:58:37.158579292,Standard Class,Eastern Asia,Pacific Asia,Technology,Low,494.1,10.09,3,4,6,55.6,423.2,2,0,18.533333333333335
SHP101597,2017-10-19 14:21:33.046523264,Second Class,Oceania,USCA,Sports,High,360.04,22.83,4,3,4,92.17,434.02,1,0,23.0425
SHP101598,2017-10-19 18:44:28.934467236,Standard Class,South America,LATAM,Sports,Medium,459.85,23.02,3,4,5,102.33,264.67,1,0,34.11
SHP101599,2017-10-19 23:07:24.822411208,First Class,Central America,Pacific Asia,Office Supplies,Medium,73.33,11.09,3,2,2,75.82,373.12,0,1,25.27333333333333
SHP101600,2017-10-20 03:30:20.710355180,Standard Class,Western Europe,Europe,Technology,Medium,88.12,8.13,4,4,6,90.74,435.76,2,0,22.685
SHP101601,2017-10-20 07:53:16.598299152,Standard Class,South America,Africa,Sports,Medium,530.78,20.61,3,4,5,71.27,320.97,1,0,23.756666666666664
SHP101602,2017-10-20 12:16:12.486243124,Second Class,Western Europe,Europe,Sports,Low,519.14,23.36,4,3,4,99.32,258.24,1,0,24.83
SHP101603,2017-10-20 16:39:08.374187096,Standard Class,South America,Africa,Clothing,Medium,1880.98,6.42,2,4,4,107.1,157.26,0,1,53.55
SHP101604,2017-10-20 21:02:04.262131068,Standard Class,South America,LATAM,Sports,Medium,867.88,6.28,2,4,5,65.92,226.17,1,0,32.96
SHP101605,2017-10-21 01:25:00.150075040,Standard Class,Eastern Asia,Africa,Technology,Medium,1113.32,13.79,2,4,4,86.3,230.41,0,1,43.15
SHP101606,2017-10-21 05:47:56.038019012,Second Class,Oceania,USCA,Technology,High,2338.11,17.22,6,3,5,172.335,492.48,2,0,28.7225
SHP101607,2017-10-21 10:10:51.925962984,Standard Class,Oceania,Pacific Asia,Clothing,Medium,93.1,10.33,5,4,3,55.91,431.16,0,1,11.181999999999999
SHP101608,2017-10-21 14:33:47.813906956,Standard Class,Western Europe,Pacific Asia,Clothing,Medium,2248.53,17.7,2,4,3,139.91,411.71,0,1,69.955
SHP101609,2017-10-21 18:56:43.701850928,Same Day,Central America,USCA,Clothing,High,758.17,8.24,3,1,2,118.46,311.39,1,0,39.486666666666665
SHP101610,2017-10-21 23:19:39.589794896,Standard Class,Oceania,Pacific Asia,Technology,Critical,564.89,3.81,5,4,4,56.33,385.1,0,1,11.266
SHP101611,2017-10-22 03:42:35.477738868,First Class,Central America,Europe,Technology,Low,500.37,9.65,1,2,2,79.13,199.67,0,1,79.13
SHP101612,2017-10-22 08:05:31.365682840,First Class,Western Europe,USCA,Office Supplies,High,988.69,12.61,4,2,4,110.32,480.32,2,0,27.58
SHP101613,2017-10-22 12:28:27.253626812,Standard Class,Central America,USCA,Sports,Medium,568.61,10.47,5,4,4,74.29,411.49,0,1,14.858
SHP101614,2017-10-22 16:51:23.141570784,Standard Class,South America,Pacific Asia,Clothing,Low,297.89,6.44,6,4,4,65.11,454.15,0,1,10.851666666666667
SHP101615,2017-10-22 21:14:19.029514756,Standard Class,South America,Africa,Sports,Medium,515.18,4.49,3,4,6,48.58,246.23,2,0,16.19333333333333
SHP101616,2017-10-23 01:37:14.917458728,Second Class,Western Europe,LATAM,Sports,Medium,1008.2,9.18,2,3,5,85.34,200.05,2,0,42.67
SHP101617,2017-10-23 06:00:10.805402700,Second Class,Central America,Africa,Office Supplies,High,1246.82,19.96,4,3,5,112.24,343.38,2,0,28.06
SHP101618,2017-10-23 10:23:06.693346672,First Class,Central America,Europe,Technology,Medium,2338.11,24.31,2,2,2,162.13,339.84,0,1,81.065
SHP101619,2017-10-23 14:46:02.581290644,First Class,Western Europe,USCA,Sports,Medium,841.63,23.41,5,2,4,115.96,595.72,2,0,23.192
SHP101620,2017-10-23 19:08:58.469234616,Second Class,Oceania,USCA,Clothing,High,1787.49,7.78,2,3,2,102.53,276.14,0,1,51.265
SHP101621,2017-10-23 23:31:54.357178588,Standard Class,Eastern Asia,Europe,Clothing,Medium,677.5,6.46,3,4,3,54.85,257.03,0,1,18.283333333333335
SHP101622,2017-10-24 03:54:50.245122560,Standard Class,Oceania,LATAM,Technology,High,747.74,16.01,3,4,2,84.63,365.5,0,1,28.209999999999997
SHP101623,2017-10-24 08:17:46.133066532,Standard Class,USCA,USCA,Technology,High,719.18,17.28,3,2,4,97.13,272.94,2,0,32.376666666666665
SHP101624,2017-10-24 12:40:42.021010504,Standard Class,Eastern Asia,Africa,Technology,Medium,913.78,15.18,6,4,4,92.47,772.76,0,1,15.411666666666667
SHP101625,2017-10-24 17:03:37.908954476,Standard Class,Central America,Europe,Clothing,Critical,1395.98,4.02,4,4,4,91.64,309.16,0,1,22.91
SHP101626,2017-10-24 21:26:33.796898448,Second Class,Eastern Asia,USCA,Technology,Low,550.57,7.56,3,3,2,62.91,414.55,0,1,20.97
SHP101627,2017-10-25 01:49:29.684842420,Standard Class,Eastern Asia,Africa,Office Supplies,Low,376.43,11.99,4,4,5,58.32,450.2,1,0,14.58
SHP101628,2017-10-25 06:12:25.572786392,First Class,Central America,Europe,Office Supplies,Medium,1469.87,15.93,5,2,2,123.73,610.58,0,1,24.746000000000002
SHP101629,2017-10-25 10:35:21.460730364,Second Class,South America,Europe,Clothing,Medium,1401.8,18.58,4,3,2,113.93,544.84,0,1,28.4825
SHP101630,2017-10-25 14:58:17.348674336,Standard Class,Eastern Asia,Europe,Office Supplies,Medium,1969.05,13.19,2,4,5,127.99,163.43,1,0,63.995
SHP101631,2017-10-25 19:21:13.236618308,First Class,Western Europe,LATAM,Sports,Medium,485.98,14.61,1,2,1,93.36,209.81,0,1,93.36
SHP101632,2017-10-25 23:44:09.124562280,Standard Class,Oceania,Europe,Technology,Low,659.52,12.76,8,4,4,103.41,345.72,0,1,12.92625
SHP101633,2017-10-26 04:07:05.012506252,Standard Class,Central America,Pacific Asia,Office Supplies,Medium,1506.17,17.76,3,4,2,103.56,357.87,0,1,34.52
SHP101634,2017-10-26 08:30:00.900450224,Standard Class,Central America,Pacific Asia,Technology,High,545.62,14.47,5,4,3,89.22,465.83,0,1,17.844
SHP101635,2017-10-26 12:52:56.788394196,Standard Class,Eastern Asia,Europe,Office Supplies,High,1211.95,12.63,1,4,5,79.09,194.88,1,0,79.09
SHP101636,2017-10-26 17:15:52.676338168,Standard Class,South America,USCA,Technology,High,679.69,10.51,2,4,2,61.2,268.82,0,1,30.6
SHP101637,2017-10-26 21:38:48.564282140,Standard Class,South America,Pacific Asia,Clothing,High,985.04,12.74,3,4,3,107.41,398.57,0,1,35.803333333333335
SHP101638,2017-10-27 02:01:44.452226112,Standard Class,Oceania,Africa,Sports,Medium,292.62,15.9,2,4,4,54.35,234.56,0,1,27.175
SHP101639,2017-10-27 06:24:40.340170084,Standard Class,Oceania,Africa,Technology,Medium,833.92,14.11,2,4,4,91.87,357.66,0,1,45.935
SHP101640,2017-10-27 10:47:36.228114056,Second Class,South America,USCA,Sports,Medium,1699.62,15.02,1,3,6,118.74,199.48,3,0,118.74
SHP101641,2017-10-27 15:10:32.116058028,First Class,USCA,Africa,Technology,High,1320.06,25.5,2,2,5,90.74,193.71,3,0,45.37
SHP101642,2017-10-27 19:33:28.004002000,Standard Class,South America,USCA,Clothing,Medium,355.82,14.1,1,4,4,45.45,188.91,0,1,45.45
SHP101643,2017-10-27 23:56:23.891945972,Standard Class,South America,Africa,Sports,Low,2274.89,8.53,3,4,5,121.41,314.98,1,0,40.47
SHP101644,2017-10-28 04:19:19.779889944,Standard Class,Eastern Asia,Europe,Office Supplies,Critical,1632.88,19.81,4,4,5,110.69,243.12,1,0,27.6725
SHP101645,2017-10-28 08:42:15.667833916,Standard Class,Western Europe,Africa,Sports,High,305.1,5.75,3,4,4,43.86,208.31,0,1,14.62
SHP101646,2017-10-28 13:05:11.555777888,First Class,Oceania,Europe,Technology,Medium,517.95,6.72,9,2,1,78.59,403.34,0,1,8.732222222222223
SHP101647,2017-10-28 17:28:07.443721860,Second Class,USCA,Africa,Sports,Medium,320.57,14.65,3,3,3,78.29,295.81,0,1,26.096666666666668
SHP101648,2017-10-28 21:51:03.331665832,Standard Class,USCA,Africa,Clothing,High,1004.17,16.18,1,4,4,70.9,204.18,0,1,70.9
SHP101649,2017-10-29 02:13:59.219609804,Standard Class,Central America,Africa,Sports,Low,500.15,6.14,6,4,4,61.02,487.32,0,1,10.17
SHP101650,2017-10-29 06:36:55.107553776,Standard Class,South America,Europe,Sports,Medium,119.02,9.87,3,4,5,34.98,214.58,1,0,11.659999999999998
SHP101651,2017-10-29 10:59:50.995497748,Second Class,South America,Africa,Sports,Medium,745.27,8.73,2,3,3,87.83,204.56,0,1,43.915
SHP101652,2017-10-29 15:22:46.883441720,Standard Class,Western Europe,Africa,Office Supplies,Medium,1431.87,9.32,3,4,3,73.4,255.43,0,1,24.46666666666667
SHP101653,2017-10-29 19:45:42.771385692,Same Day,South America,LATAM,Sports,High,846.26,20.47,3,1,2,134.42,337.69,1,0,44.806666666666665
SHP101654,2017-10-30 00:08:38.659329664,First Class,Oceania,Europe,Technology,Medium,1139.04,17.97,4,2,3,130.24,454.57,1,0,32.56
SHP101655,2017-10-30 04:31:34.547273636,Standard Class,USCA,Pacific Asia,Technology,Low,904.34,12.06,4,4,3,84.58,432.04,0,1,21.145
SHP101656,2017-10-30 08:54:30.435217608,Second Class,South America,USCA,Sports,Low,1283.92,9.02,2,3,5,84.96,167.24,2,0,42.48
SHP101657,2017-10-30 13:17:26.323161580,First Class,Western Europe,LATAM,Sports,Low,961.62,5.8,3,2,1,78.94,219.35,0,1,26.313333333333333
SHP101658,2017-10-30 17:40:22.211105552,Second Class,Eastern Asia,Africa,Office Supplies,Medium,715.67,12.27,4,3,3,119.97,556.41,0,1,29.9925
SHP101659,2017-10-30 22:03:18.099049524,Standard Class,Oceania,Pacific Asia,Clothing,High,838.81,16.87,4,4,4,86.62,308.74,0,1,21.655
SHP101660,2017-10-31 02:26:13.986993496,Standard Class,Eastern Asia,Pacific Asia,Technology,Medium,2015.77,8.26,3,4,4,101.27,319.71,0,1,33.75666666666667
SHP101661,2017-10-31 06:49:09.874937468,First Class,Central America,Africa,Office Supplies,High,1182.76,18.1,4,2,2,134.33,320.3,0,1,33.5825
SHP101662,2017-10-31 11:12:05.762881440,Second Class,Western Europe,Africa,Technology,High,354.8,11.72,4,3,6,68.45,334.22,3,0,17.1125
SHP101663,2017-10-31 15:35:01.650825412,Second Class,Central America,LATAM,Technology,Medium,829.31,10.4,2,3,3,76.83,293.91,0,1,38.415
SHP101664,2017-10-31 19:57:57.538769384,First Class,Central America,Europe,Sports,Medium,991.82,15.48,4,2,5,107.77,265.69,3,0,26.9425
SHP101665,2017-11-01 00:20:53.426713356,First Class,USCA,LATAM,Technology,High,698.24,8.1,1,2,3,77.69,210.26,1,0,77.69
SHP101666,2017-11-01 04:43:49.314657328,First Class,Central America,Europe,Clothing,Medium,119.75,10.08,2,2,3,63.18,296.38,1,0,31.59
SHP101667,2017-11-01 09:06:45.202601300,Standard Class,Central America,Pacific Asia,Clothing,Medium,386.67,13.02,5,4,5,70.43,376.77,1,0,14.086000000000002
SHP101668,2017-11-01 13:29:41.090545272,Standard Class,Western Europe,USCA,Clothing,Medium,569.81,9.26,3,4,7,76.06,327.48,3,0,25.353333333333335
SHP101669,2017-11-01 17:52:36.978489244,Second Class,Eastern Asia,Africa,Office Supplies,Critical,2338.11,17.6,4,3,2,144.61,413.34,0,1,36.1525
SHP101670,2017-11-01 22:15:32.866433216,Second Class,South America,LATAM,Clothing,Medium,1097.28,32.004999999999995,5,3,2,139.14,503.86,0,1,27.827999999999996
SHP101671,2017-11-02 02:38:28.754377188,Second Class,Central America,Pacific Asia,Clothing,Medium,189.12,8.05,2,3,3,54.62,278.09,0,1,27.31
SHP101672,2017-11-02 07:01:24.642321160,Standard Class,USCA,LATAM,Technology,Medium,731.49,4.88,4,4,5,66.56,423.25,1,0,16.64
SHP101673,2017-11-02 11:24:20.530265132,First Class,South America,Europe,Office Supplies,Low,1817.4,4.05,1,2,1,125.3,137.91,0,1,125.3
SHP101674,2017-11-02 15:47:16.418209104,Second Class,USCA,Africa,Sports,Medium,494.53,11.21,2,3,4,71.06,317.95,1,0,35.53
SHP101675,2017-11-02 20:10:12.306153076,Standard Class,South America,Europe,Office Supplies,Medium,1543.55,8.46,2,4,6,86.52,229.71,2,0,43.26
SHP101676,2017-11-03 00:33:08.194097048,Standard Class,Central America,Europe,Office Supplies,Low,195.4,13.66,4,4,5,64.63,189.26,1,0,16.1575
SHP101677,2017-11-03 04:56:04.082041020,Standard Class,Oceania,Europe,Sports,Medium,23.14,13.1,3,4,4,35.14,307.5,0,1,11.713333333333333
SHP101678,2017-11-03 09:18:59.969984992,Standard Class,South America,Pacific Asia,Sports,Low,1694.12,5.04,2,4,4,72.08,87.85,0,1,36.04
SHP101679,2017-11-03 13:41:55.857928964,Standard Class,Oceania,Africa,Sports,Medium,547.13,4.49,2,4,6,73.54,146.98,2,0,36.77
SHP101680,2017-11-03 18:04:51.745872936,Standard Class,Eastern Asia,USCA,Technology,Low,581.52,14.34,3,4,4,64.39,447.36,0,1,21.463333333333335
SHP101681,2017-11-03 22:27:47.633816908,Standard Class,South America,LATAM,Technology,Low,898.43,13.12,5,4,7,81.85,544.45,3,0,16.369999999999997
SHP101682,2017-11-04 02:50:43.521760880,Second Class,Western Europe,Europe,Technology,High,1071.06,9.64,4,3,6,99.73,348.0,3,0,24.9325
SHP101683,2017-11-04 07:13:39.409704852,Second Class,USCA,Africa,Clothing,High,47.56,4.9,7,3,4,61.1,628.57,1,0,8.72857142857143
SHP101684,2017-11-04 11:36:35.297648824,First Class,Eastern Asia,LATAM,Sports,Medium,463.69,15.79,3,2,2,103.12,354.38,0,1,34.373333333333335
SHP101685,2017-11-04 15:59:31.185592796,Standard Class,Eastern Asia,Africa,Technology,Medium,818.34,24.52,4,4,6,109.22,507.91,2,0,27.305
SHP101686,2017-11-04 20:22:27.073536768,Standard Class,Oceania,LATAM,Technology,Medium,1069.4,14.2,4,4,6,78.0,277.16,2,0,19.5
SHP101687,2017-11-05 00:45:22.961480740,First Class,Central America,Africa,Office Supplies,Medium,351.16,7.64,6,2,2,95.47,439.6,0,1,15.911666666666667
SHP101688,2017-11-05 05:08:18.849424712,Standard Class,USCA,USCA,Technology,Medium,671.32,12.48,1,4,4,71.06,218.21,0,1,71.06
SHP101689,2017-11-05 09:31:14.737368684,Same Day,Western Europe,Africa,Sports,Medium,493.3,5.75,2,1,1,90.74,210.81,0,1,45.37
SHP101690,2017-11-05 13:54:10.625312656,First Class,Western Europe,Africa,Sports,High,919.83,21.8,3,2,3,125.74,218.53,1,0,41.913333333333334
SHP101691,2017-11-05 18:17:06.513256628,Standard Class,Oceania,Europe,Clothing,Low,1654.92,12.74,3,4,5,86.27,220.92,1,0,28.756666666666664
SHP101692,2017-11-05 22:40:02.401200600,Same Day,Oceania,Europe,Clothing,Low,606.44,4.61,3,1,1,98.13,286.03,0,1,32.71
SHP101693,2017-11-06 03:02:58.289144572,Standard Class,Eastern Asia,Europe,Office Supplies,High,230.92,10.33,3,4,4,43.47,309.46,0,1,14.49
SHP101694,2017-11-06 07:25:54.177088544,Standard Class,Oceania,Africa,Clothing,High,443.3,15.72,7,4,3,69.31,476.87,0,1,9.901428571428571
SHP101695,2017-11-06 11:48:50.065032516,Second Class,Central America,USCA,Sports,Medium,2260.42,10.14,7,3,2,140.48,324.59,0,1,20.068571428571428
SHP101696,2017-11-06 16:11:45.952976488,Standard Class,Eastern Asia,LATAM,Clothing,Medium,387.97,10.47,3,4,5,65.35,302.31,1,0,21.78333333333333
SHP101697,2017-11-06 20:34:41.840920460,First Class,Eastern Asia,Europe,Clothing,Medium,276.71,6.21,1,2,2,68.95,177.66,0,1,68.95
SHP101698,2017-11-07 00:57:37.728864432,Standard Class,Eastern Asia,Pacific Asia,Technology,Medium,578.16,16.64,4,4,4,82.12,541.08,0,1,20.53
SHP101699,2017-11-07 05:20:33.616808404,Standard Class,Western Europe,Africa,Sports,Medium,731.62,8.53,2,4,3,59.94,247.04,0,1,29.97
SHP101700,2017-11-07 09:43:29.504752376,Second Class,USCA,USCA,Office Supplies,Medium,517.79,3.72,6,3,4,73.21,226.75,1,0,12.201666666666666
SHP101701,2017-11-07 14:06:25.392696348,Second Class,USCA,USCA,Clothing,Medium,196.51,9.93,3,3,3,60.46,353.39,0,1,20.153333333333332
SHP101702,2017-11-07 18:29:21.280640320,Standard Class,Western Europe,Europe,Clothing,High,983.4,20.9,4,4,4,108.58,298.96,0,1,27.145
SHP101703,2017-11-07 22:52:17.168584292,Standard Class,Eastern Asia,Europe,Office Supplies,High,920.5,9.85,3,4,4,81.7,235.08,0,1,27.233333333333334
SHP101704,2017-11-08 03:15:13.056528264,First Class,Central America,Pacific Asia,Office Supplies,Medium,1252.47,31.69,3,2,3,152.81,362.21,1,0,50.93666666666667
SHP101705,2017-11-08 07:38:08.944472236,Standard Class,South America,Pacific Asia,Sports,Medium,905.93,15.42,2,4,4,75.26,246.73,0,1,37.63
SHP101706,2017-11-08 12:01:04.832416208,First Class,Eastern Asia,Europe,Office Supplies,Medium,2142.7,14.68,5,2,1,159.37,478.1,0,1,31.874000000000002
SHP101707,2017-11-08 16:24:00.720360180,Second Class,Oceania,LATAM,Clothing,Medium,1318.23,11.35,2,3,6,103.75,251.48,3,0,51.875
SHP101708,2017-11-08 20:46:56.608304152,Second Class,USCA,Europe,Sports,Medium,1146.1,11.73,2,3,3,97.31,293.22,0,1,48.655
SHP101709,2017-11-09 01:09:52.496248124,Second Class,South America,Europe,Sports,High,1694.38,10.54,2,3,3,108.99,207.47,0,1,54.495
SHP101710,2017-11-09 05:32:48.384192096,Standard Class,Western Europe,USCA,Office Supplies,High,867.33,10.32,4,4,6,71.04,343.51,2,0,17.76
SHP101711,2017-11-09 09:55:44.272136068,Second Class,Western Europe,Europe,Sports,High,682.12,16.31,4,3,8,96.14,495.21,5,0,24.035
SHP101712,2017-11-09 14:18:40.160080040,First Class,South America,Europe,Clothing,High,975.68,7.28,7,2,1,100.04,665.72,0,1,14.291428571428572
SHP101713,2017-11-09 18:41:36.048024012,Standard Class,USCA,Europe,Clothing,Critical,112.79,6.74,3,4,5,39.32,343.01,1,0,13.106666666666667
SHP101714,2017-11-09 23:04:31.935967984,Same Day,USCA,LATAM,Clothing,High,869.32,6.57,3,1,1,118.03,261.56,0,1,39.343333333333334
SHP101715,2017-11-10 03:27:27.823911956,Standard Class,Oceania,USCA,Sports,Critical,731.04,32.004999999999995,5,4,4,123.06,832.34,0,1,24.612000000000002
SHP101716,2017-11-10 07:50:23.711855928,Standard Class,Western Europe,Africa,Office Supplies,Medium,1050.28,16.31,1,4,4,76.2,179.13,0,1,76.2
SHP101717,2017-11-10 12:13:19.599799900,Standard Class,Western Europe,Africa,Clothing,Low,1546.57,14.4,5,4,3,113.24,540.36,0,1,22.648
SHP101718,2017-11-10 16:36:15.487743872,Same Day,Eastern Asia,Africa,Technology,Medium,1168.79,6.81,3,1,1,141.95,196.55,0,1,47.31666666666666
SHP101719,2017-11-10 20:59:11.375687844,Standard Class,Central America,Africa,Office Supplies,Critical,444.3,17.16,7,4,3,88.03,850.14,0,1,12.575714285714286
SHP101720,2017-11-11 01:22:07.263631816,First Class,Oceania,USCA,Sports,Medium,1384.55,11.43,2,2,4,114.55,230.07,2,0,57.275
SHP101721,2017-11-11 05:45:03.151575788,First Class,Eastern Asia,Europe,Clothing,Medium,2162.53,13.71,5,2,3,167.63,540.29,1,0,33.525999999999996
SHP101722,2017-11-11 10:07:59.039519760,Standard Class,Central America,Africa,Sports,Medium,1572.79,7.12,8,4,5,125.66,656.51,1,0,15.7075
SHP101723,2017-11-11 14:30:54.927463732,Standard Class,Western Europe,Europe,Clothing,High,251.45,13.31,4,4,4,68.52,311.8,0,1,17.13
SHP101724,2017-11-11 18:53:50.815407704,Second Class,Central America,Africa,Sports,Medium,2338.11,9.65,3,3,3,79.9,188.29,0,1,26.633333333333336
SHP101725,2017-11-11 23:16:46.703351676,Standard Class,Western Europe,LATAM,Technology,High,288.44,8.0,3,4,5,55.54,376.04,1,0,18.513333333333332
SHP101726,2017-11-12 03:39:42.591295648,First Class,USCA,Europe,Sports,Critical,632.49,18.24,4,2,1,120.11,349.5,0,1,30.0275
SHP101727,2017-11-12 08:02:38.479239620,Standard Class,Eastern Asia,USCA,Sports,High,1029.06,5.23,3,4,4,52.35,241.49,0,1,17.45
SHP101728,2017-11-12 12:25:34.367183592,Standard Class,Western Europe,LATAM,Sports,Medium,937.34,16.62,3,4,4,96.66,458.22,0,1,32.22
SHP101729,2017-11-12 16:48:30.255127564,Second Class,Central America,LATAM,Clothing,Medium,1552.88,17.75,5,3,2,126.98,567.19,0,1,25.396
SHP101730,2017-11-12 21:11:26.143071536,Standard Class,Eastern Asia,USCA,Office Supplies,Medium,2169.22,7.51,8,4,2,139.28,417.13,0,1,17.41
SHP101731,2017-11-13 01:34:22.031015508,Standard Class,Central America,LATAM,Sports,Medium,1101.0,7.76,3,4,6,77.36,293.98,2,0,25.786666666666665
SHP101732,2017-11-13 05:57:17.918959480,Standard Class,Central America,Europe,Office Supplies,Low,595.98,10.78,2,4,4,66.35,171.76,0,1,33.175
SHP101733,2017-11-13 10:20:13.806903452,Standard Class,South America,Pacific Asia,Clothing,High,119.49,14.23,5,4,6,63.53,577.86,2,0,12.706
SHP101734,2017-11-13 14:43:09.694847424,Standard Class,Western Europe,Pacific Asia,Sports,Medium,1809.87,11.2,4,4,6,117.93,486.49,2,0,29.4825
SHP101735,2017-11-13 19:06:05.582791396,First Class,Western Europe,Africa,Clothing,High,733.9,15.46,7,2,1,118.04,818.17,0,1,16.862857142857145
SHP101736,2017-11-13 23:29:01.470735368,Standard Class,Central America,Africa,Office Supplies,High,762.64,32.004999999999995,4,4,3,104.43,401.4,0,1,26.1075
SHP101737,2017-11-14 03:51:57.358679340,Standard Class,USCA,Europe,Clothing,Low,807.95,9.21,2,4,7,65.5,248.82,3,0,32.75
SHP101738,2017-11-14 08:14:53.246623312,Second Class,Western Europe,USCA,Clothing,Critical,1066.67,4.74,2,3,6,80.81,164.54,3,0,40.405
SHP101739,2017-11-14 12:37:49.134567284,Standard Class,Oceania,Europe,Office Supplies,High,1088.29,19.19,3,4,4,109.2,248.77,0,1,36.4
SHP101740,2017-11-14 17:00:45.022511256,Standard Class,USCA,Africa,Clothing,Medium,640.23,30.75,6,4,5,115.11,700.06,1,0,19.185
SHP101741,2017-11-14 21:23:40.910455228,First Class,USCA,LATAM,Office Supplies,Medium,728.5,15.12,2,2,2,94.8,176.23,0,1,47.4
SHP101742,2017-11-15 01:46:36.798399200,Second Class,USCA,Europe,Office Supplies,Medium,486.46,6.7,3,3,4,58.3,295.17,1,0,19.433333333333334
SHP101743,2017-11-15 06:09:32.686343172,Second Class,Western Europe,Europe,Sports,Medium,444.01,11.38,2,3,3,76.92,292.34,0,1,38.46
SHP101744,2017-11-15 10:32:28.574287144,Second Class,USCA,USCA,Sports,Medium,442.23,6.59,4,3,1,63.06,263.98,0,1,15.765
SHP101745,2017-11-15 14:55:24.462231116,Standard Class,USCA,Africa,Clothing,Low,722.2,17.35,2,4,3,86.28,225.74,0,1,43.14
SHP101746,2017-11-15 19:18:20.350175088,Second Class,Eastern Asia,Europe,Clothing,Medium,373.83,5.79,2,3,4,58.01,177.43,1,0,29.005
SHP101747,2017-11-15 23:41:16.238119060,Standard Class,Western Europe,LATAM,Clothing,Medium,20.0,10.33,5,4,3,62.93,576.49,0,1,12.586
SHP101748,2017-11-16 04:04:12.126063032,Standard Class,USCA,LATAM,Technology,Low,587.99,7.01,1,4,4,47.07,159.35,0,1,47.07
SHP101749,2017-11-16 08:27:08.014007004,Standard Class,Oceania,Pacific Asia,Office Supplies,Medium,266.73,13.06,4,4,3,73.8,445.29,0,1,18.45
SHP101750,2017-11-16 12:50:03.901950976,Standard Class,USCA,Africa,Sports,Medium,848.47,9.96,3,4,4,81.97,210.41,0,1,27.323333333333334
SHP101751,2017-11-16 17:12:59.789894948,Standard Class,Central America,LATAM,Office Supplies,Medium,484.93,12.27,2,4,5,60.18,246.0,1,0,30.09
SHP101752,2017-11-16 21:35:55.677838920,Same Day,Western Europe,USCA,Technology,Low,1075.79,12.33,3,1,2,122.45,349.37,1,0,40.81666666666667
SHP101753,2017-11-17 01:58:51.565782892,Standard Class,Eastern Asia,Africa,Technology,High,290.64,7.08,4,4,4,68.27,293.11,0,1,17.0675
SHP101754,2017-11-17 06:21:47.453726864,Standard Class,Oceania,LATAM,Office Supplies,Medium,147.19,17.2,5,4,6,58.48,684.95,2,0,11.696
SHP101755,2017-11-17 10:44:43.341670836,Standard Class,South America,Europe,Clothing,Low,729.85,11.86,4,4,5,77.65,355.61,1,0,19.4125
SHP101756,2017-11-17 15:07:39.229614808,Standard Class,Central America,Africa,Clothing,Medium,568.71,7.07,6,4,6,68.74,466.29,2,0,11.456666666666665
SHP101757,2017-11-17 19:30:35.117558780,Second Class,Central America,LATAM,Technology,Medium,245.05,32.004999999999995,2,3,3,106.67,358.02,0,1,53.335
SHP101758,2017-11-17 23:53:31.005502752,Standard Class,Central America,Europe,Technology,Low,1318.94,15.83,3,4,4,107.19,441.86,0,1,35.73
SHP101759,2017-11-18 04:16:26.893446724,Standard Class,Oceania,Pacific Asia,Office Supplies,Medium,338.06,11.2,3,4,3,49.11,342.31,0,1,16.37
SHP101760,2017-11-18 08:39:22.781390696,Standard Class,Western Europe,Africa,Office Supplies,High,426.64,26.53,3,4,4,105.59,464.05,0,1,35.196666666666665
SHP101761,2017-11-18 13:02:18.669334668,Second Class,Western Europe,Africa,Technology,High,1487.4,32.004999999999995,5,3,5,147.53,939.05,2,0,29.506
SHP101762,2017-11-18 17:25:14.557278640,Standard Class,USCA,LATAM,Office Supplies,Medium,1118.67,11.25,3,4,6,83.6,364.55,2,0,27.866666666666664
SHP101763,2017-11-18 21:48:10.445222612,Standard Class,USCA,Pacific Asia,Clothing,High,305.91,14.75,2,4,6,47.31,384.57,2,0,23.655
SHP101764,2017-11-19 02:11:06.333166584,Standard Class,Western Europe,USCA,Sports,Medium,609.09,7.08,7,4,2,78.97,705.68,0,1,11.281428571428572
SHP101765,2017-11-19 06:34:02.221110556,Standard Class,USCA,LATAM,Technology,Critical,278.25,11.24,3,4,6,72.46,370.07,2,0,24.153333333333332
SHP101766,2017-11-19 10:56:58.109054528,Standard Class,Western Europe,LATAM,Sports,Low,1416.77,10.92,3,4,2,112.81,247.07,0,1,37.60333333333333
SHP101767,2017-11-19 15:19:53.996998500,Second Class,Central America,USCA,Office Supplies,Medium,1416.14,13.49,4,3,5,124.05,329.69,2,0,31.0125
SHP101768,2017-11-19 19:42:49.884942472,Second Class,South America,USCA,Sports,Medium,2338.11,14.63,2,3,3,141.02,117.12,0,1,70.51
SHP101769,2017-11-20 00:05:45.772886444,First Class,Central America,USCA,Technology,Medium,2338.11,16.58,3,2,3,172.335,219.98,1,0,57.445
SHP101770,2017-11-20 04:28:41.660830416,Standard Class,USCA,USCA,Office Supplies,High,480.3,13.88,2,4,3,90.74,272.24,0,1,45.37
SHP101771,2017-11-20 08:51:37.548774388,Standard Class,South America,USCA,Sports,Medium,1268.21,6.26,4,4,6,72.74,277.91,2,0,18.185
SHP101772,2017-11-20 13:14:33.436718360,Standard Class,South America,Europe,Clothing,Low,123.84,7.27,3,4,3,40.26,358.79,0,1,13.42
SHP101773,2017-11-20 17:37:29.324662332,Same Day,Western Europe,Europe,Technology,Medium,895.13,9.02,5,1,1,131.24,527.13,0,1,26.248
SHP101774,2017-11-20 22:00:25.212606304,Second Class,Eastern Asia,USCA,Technology,Medium,1054.35,10.43,7,3,2,95.37,276.91,0,1,13.624285714285715
SHP101775,2017-11-21 02:23:21.100550276,Second Class,Oceania,Pacific Asia,Office Supplies,Medium,354.67,21.71,3,3,1,68.47,295.17,0,1,22.823333333333334
SHP101776,2017-11-21 06:46:16.988494248,Standard Class,Eastern Asia,Pacific Asia,Technology,Critical,456.15,6.43,1,4,5,36.76,192.13,1,0,36.76
SHP101777,2017-11-21 11:09:12.876438220,Standard Class,South America,USCA,Office Supplies,High,1422.49,10.01,2,4,7,98.17,322.37,3,0,49.085
SHP101778,2017-11-21 15:32:08.764382192,Standard Class,Eastern Asia,Europe,Clothing,Medium,1072.48,20.58,3,4,8,84.61,488.76,4,0,28.203333333333333
SHP101779,2017-11-21 19:55:04.652326164,Second Class,USCA,Pacific Asia,Clothing,Medium,2182.61,10.33,3,3,4,128.24,411.0,1,0,42.74666666666667
SHP101780,2017-11-22 00:18:00.540270136,First Class,South America,Europe,Sports,Medium,2023.15,15.69,5,2,4,151.11,666.57,2,0,30.222
SHP101781,2017-11-22 04:40:56.428214108,Same Day,Central America,LATAM,Technology,High,165.83,11.28,4,1,2,101.43,333.79,1,0,25.3575
SHP101782,2017-11-22 09:03:52.316158080,Standard Class,USCA,Europe,Technology,Critical,519.92,14.03,1,4,5,66.06,180.96,1,0,66.06
SHP101783,2017-11-22 13:26:48.204102052,Standard Class,Central America,USCA,Sports,Medium,322.6,10.74,2,4,4,57.23,279.72,0,1,28.615
SHP101784,2017-11-22 17:49:44.092046024,First Class,USCA,Africa,Office Supplies,High,1303.95,17.58,4,2,3,128.95,305.65,1,0,32.2375
SHP101785,2017-11-22 22:12:39.979989996,Second Class,Western Europe,USCA,Clothing,Medium,958.36,5.21,4,3,4,74.42,413.08,1,0,18.605
SHP101786,2017-11-23 02:35:35.867933968,Standard Class,USCA,LATAM,Technology,Medium,342.78,9.98,3,4,4,63.57,265.42,0,1,21.19
SHP101787,2017-11-23 06:58:31.755877940,Standard Class,Oceania,Europe,Sports,Critical,391.54,14.34,2,4,4,46.64,336.82,0,1,23.32
SHP101788,2017-11-23 11:21:27.643821912,Standard Class,Central America,Pacific Asia,Clothing,Medium,1741.9,16.34,2,4,4,120.41,228.05,0,1,60.205
SHP101789,2017-11-23 15:44:23.531765884,Standard Class,USCA,USCA,Sports,Medium,811.27,27.69,1,4,5,100.51,246.66,1,0,100.51
SHP101790,2017-11-23 20:07:19.419709856,Standard Class,Oceania,Pacific Asia,Sports,High,101.42,9.83,4,4,3,70.27,420.65,0,1,17.5675
SHP101791,2017-11-24 00:30:15.307653828,Second Class,Western Europe,Europe,Office Supplies,Medium,316.07,27.49,4,3,3,93.75,603.69,0,1,23.4375
SHP101792,2017-11-24 04:53:11.195597800,Standard Class,USCA,LATAM,Clothing,Medium,2338.11,8.48,2,4,7,119.73,207.68,3,0,59.865
SHP101793,2017-11-24 09:16:07.083541772,Standard Class,Oceania,USCA,Technology,Critical,1515.83,25.3,4,4,6,127.07,640.87,2,0,31.7675
SHP101794,2017-11-24 13:39:02.971485744,Standard Class,USCA,Pacific Asia,Clothing,High,261.86,19.1,2,4,6,66.35,300.14,2,0,33.175
SHP101795,2017-11-24 18:01:58.859429716,First Class,Central America,USCA,Office Supplies,High,894.84,7.37,2,2,3,100.1,290.15,1,0,50.05
SHP101796,2017-11-24 22:24:54.747373688,Second Class,Central America,USCA,Technology,Medium,1454.75,14.42,4,3,4,121.58,447.1,1,0,30.395
SHP101797,2017-11-25 02:47:50.635317660,Standard Class,Eastern Asia,Pacific Asia,Clothing,Medium,163.41,12.27,5,4,6,54.37,534.71,2,0,10.873999999999999
SHP101798,2017-11-25 07:10:46.523261632,First Class,Eastern Asia,LATAM,Office Supplies,Critical,1561.97,17.19,4,2,4,137.72,340.13,2,0,34.43
SHP101799,2017-11-25 11:33:42.411205604,First Class,USCA,USCA,Technology,Medium,1065.48,10.77,2,2,1,113.09,187.48,0,1,56.545
SHP101800,2017-11-25 15:56:38.299149576,Standard Class,Eastern Asia,LATAM,Technology,Medium,434.06,10.29,4,4,3,50.32,541.51,0,1,12.58
SHP101801,2017-11-25 20:19:34.187093548,Standard Class,USCA,LATAM,Sports,Medium,1183.61,25.87,4,4,6,113.89,493.37,2,0,28.4725
SHP101802,2017-11-26 00:42:30.075037520,Second Class,USCA,Europe,Sports,Medium,967.84,11.54,3,3,3,97.14,252.54,0,1,32.38
SHP101803,2017-11-26 05:05:25.962981492,First Class,Oceania,Pacific Asia,Office Supplies,Medium,1014.44,19.19,4,2,2,113.45,448.32,0,1,28.3625
SHP101804,2017-11-26 09:28:21.850925464,Same Day,Central America,Europe,Technology,High,872.09,10.76,5,1,1,93.53,383.11,0,1,18.706
SHP101805,2017-11-26 13:51:17.738869436,First Class,Western Europe,Africa,Clothing,Critical,379.31,30.47,5,2,2,136.64,342.01,0,1,27.327999999999996
SHP101806,2017-11-26 18:14:13.626813408,Second Class,South America,Europe,Technology,Medium,442.21,8.39,4,3,2,70.39,360.98,0,1,17.5975
SHP101807,2017-11-26 22:37:09.514757380,Standard Class,Central America,USCA,Office Supplies,High,655.15,8.69,1,4,7,47.75,195.9,3,0,47.75
SHP101808,2017-11-27 03:00:05.402701352,Standard Class,Eastern Asia,USCA,Clothing,High,810.7,28.18,5,4,4,117.88,448.93,0,1,23.576
SHP101809,2017-11-27 07:23:01.290645324,Standard Class,USCA,USCA,Technology,High,1231.18,9.54,1,4,4,78.88,162.19,0,1,78.88
SHP101810,2017-11-27 11:45:57.178589296,Standard Class,Eastern Asia,Africa,Clothing,Low,2338.11,29.39,3,4,5,156.89,412.83,1,0,52.29666666666666
SHP101811,2017-11-27 16:08:53.066533268,Second Class,Oceania,LATAM,Sports,Medium,924.45,19.9,2,3,5,106.5,245.56,2,0,53.25
SHP101812,2017-11-27 20:31:48.954477240,Second Class,Eastern Asia,USCA,Clothing,Low,1216.56,11.19,1,3,5,95.68,153.75,2,0,95.68
SHP101813,2017-11-28 00:54:44.842421212,Second Class,Oceania,Europe,Sports,Low,1406.34,4.49,4,3,5,91.79,278.94,2,0,22.9475
SHP101814,2017-11-28 05:17:40.730365184,Standard Class,Western Europe,LATAM,Clothing,Medium,1274.88,12.05,3,4,4,84.89,106.59,0,1,28.296666666666667
SHP101815,2017-11-28 09:40:36.618309156,Second Class,USCA,Europe,Sports,Medium,366.99,12.88,3,3,3,64.3,237.72,0,1,21.433333333333334
SHP101816,2017-11-28 14:03:32.506253128,Standard Class,Eastern Asia,Europe,Office Supplies,Medium,1847.36,23.15,1,4,5,133.45,259.99,1,0,133.45
SHP101817,2017-11-28 18:26:28.394197100,Standard Class,Oceania,USCA,Clothing,Low,1665.45,29.18,2,4,4,122.59,351.39,0,1,61.295
SHP101818,2017-11-28 22:49:24.282141072,Second Class,Eastern Asia,Europe,Technology,Medium,863.62,8.36,6,3,3,83.09,684.78,0,1,13.848333333333334
SHP101819,2017-11-29 03:12:20.170085044,Second Class,Oceania,Africa,Office Supplies,Medium,386.2,18.93,1,3,4,81.0,241.06,1,0,81.0
SHP101820,2017-11-29 07:35:16.058029016,Same Day,USCA,LATAM,Office Supplies,High,801.36,18.56,4,1,2,147.58,278.91,1,0,36.895
SHP101821,2017-11-29 11:58:11.945972988,Standard Class,USCA,USCA,Clothing,Low,185.98,21.99,5,4,2,77.78,306.98,0,1,15.556000000000001
SHP101822,2017-11-29 16:21:07.833916960,Standard Class,Central America,USCA,Office Supplies,High,811.27,16.03,2,4,5,127.21,229.46,1,0,63.605
SHP101823,2017-11-29 20:44:03.721860932,Standard Class,Oceania,Europe,Sports,Critical,476.14,4.19,2,4,4,48.12,234.15,0,1,24.06
SHP101824,2017-11-30 01:06:59.609804904,Standard Class,South America,Europe,Sports,High,630.06,11.18,4,4,5,78.34,305.5,1,0,19.585
SHP101825,2017-11-30 05:29:55.497748876,First Class,Western Europe,Pacific Asia,Clothing,High,1912.21,6.45,2,2,3,143.98,166.33,1,0,71.99
SHP101826,2017-11-30 09:52:51.385692848,Second Class,Central America,Pacific Asia,Office Supplies,Critical,1768.76,10.9,4,3,5,117.58,304.29,2,0,29.395
SHP101827,2017-11-30 14:15:47.273636820,First Class,Western Europe,USCA,Technology,Medium,994.4,20.88,1,2,4,118.02,302.87,2,0,118.02
SHP101828,2017-11-30 18:38:43.161580792,Standard Class,Central America,USCA,Clothing,Critical,2193.04,14.41,2,4,6,127.25,153.04,2,0,63.625
SHP101829,2017-11-30 23:01:39.049524764,First Class,Eastern Asia,Europe,Clothing,High,356.97,22.91,3,2,4,109.0,345.55,2,0,36.333333333333336
SHP101830,2017-12-01 03:24:34.937468736,Standard Class,Oceania,Africa,Office Supplies,High,994.76,14.7,4,4,5,90.47,342.99,1,0,22.6175
SHP101831,2017-12-01 07:47:30.825412708,First Class,Eastern Asia,Africa,Sports,Medium,359.56,5.97,4,2,3,71.43,159.73,1,0,17.8575
SHP101832,2017-12-01 12:10:26.713356680,Standard Class,Western Europe,Europe,Office Supplies,Medium,1600.52,3.05,3,4,6,86.94,279.43,2,0,28.98
SHP101833,2017-12-01 16:33:22.601300652,Standard Class,USCA,Pacific Asia,Technology,High,1564.37,13.22,1,4,5,120.94,257.92,1,0,120.94
SHP101834,2017-12-01 20:56:18.489244624,Standard Class,Western Europe,Pacific Asia,Technology,Medium,2291.07,10.83,4,4,4,130.51,406.09,0,1,32.6275
SHP101835,2017-12-02 01:19:14.377188596,First Class,Central America,Africa,Technology,High,783.82,7.12,4,2,3,76.05,376.52,1,0,19.0125
SHP101836,2017-12-02 05:42:10.265132568,Standard Class,Western Europe,USCA,Technology,Low,2338.11,4.78,4,4,4,127.33,357.12,0,1,31.8325
SHP101837,2017-12-02 10:05:06.153076540,Standard Class,Oceania,Europe,Clothing,Medium,333.97,8.13,4,4,4,54.45,324.79,0,1,13.6125
SHP101838,2017-12-02 14:28:02.041020512,First Class,Western Europe,USCA,Technology,Medium,753.47,10.95,2,2,4,92.81,253.88,2,0,46.405
SHP101839,2017-12-02 18:50:57.928964484,Standard Class,Eastern Asia,Pacific Asia,Technology,Medium,344.62,17.57,3,4,5,68.57,370.14,1,0,22.856666666666666
SHP101840,2017-12-02 23:13:53.816908456,Standard Class,USCA,Africa,Technology,Medium,902.02,13.51,4,4,7,86.47,312.01,3,0,21.6175
SHP101841,2017-12-03 03:36:49.704852428,Standard Class,Oceania,USCA,Office Supplies,Low,371.23,29.5,3,4,3,96.17,418.67,0,1,32.056666666666665
SHP101842,2017-12-03 07:59:45.592796400,Standard Class,Western Europe,Pacific Asia,Sports,Medium,1603.35,6.89,5,4,4,101.35,538.48,0,1,20.27
SHP101843,2017-12-03 12:22:41.480740372,First Class,South America,Pacific Asia,Sports,Medium,1089.5,19.78,3,2,3,132.79,351.93,1,0,44.26333333333333
SHP101844,2017-12-03 16:45:37.368684344,Second Class,South America,Pacific Asia,Sports,Low,309.45,12.5,1,3,5,52.38,209.83,2,0,52.38
SHP101845,2017-12-03 21:08:33.256628316,Standard Class,USCA,USCA,Technology,Critical,1367.18,17.85,7,4,5,113.21,881.48,1,0,16.172857142857143
SHP101846,2017-12-04 01:31:29.144572288,Same Day,Eastern Asia,LATAM,Office Supplies,High,2095.91,9.58,5,1,2,170.01,340.22,1,0,34.001999999999995
SHP101847,2017-12-04 05:54:25.032516260,Standard Class,Central America,Africa,Clothing,High,1161.71,21.96,6,4,3,115.5,761.51,0,1,19.25
SHP101848,2017-12-04 10:17:20.920460232,Standard Class,Central America,Pacific Asia,Office Supplies,Medium,232.41,14.33,6,4,3,61.06,501.17,0,1,10.176666666666668
SHP101849,2017-12-04 14:40:16.808404204,Standard Class,USCA,USCA,Clothing,Medium,701.59,8.38,6,4,5,67.86,591.47,1,0,11.31
SHP101850,2017-12-04 19:03:12.696348176,Standard Class,Western Europe,Europe,Office Supplies,Medium,1262.97,12.1,6,4,3,91.41,700.28,0,1,15.235
SHP101851,2017-12-04 23:26:08.584292148,Standard Class,Oceania,Africa,Sports,Critical,652.82,10.68,3,4,4,76.36,371.72,0,1,25.453333333333333
SHP101852,2017-12-05 03:49:04.472236120,First Class,USCA,Europe,Sports,High,330.21,15.94,4,2,3,76.59,441.79,1,0,19.1475
SHP101853,2017-12-05 08:12:00.360180092,Second Class,Central America,Europe,Technology,Medium,1722.8,6.37,2,3,2,95.22,352.96,0,1,47.61
SHP101854,2017-12-05 12:34:56.248124064,Standard Class,South America,USCA,Sports,High,631.87,11.99,6,4,6,80.46,381.45,2,0,13.409999999999998
SHP101855,2017-12-05 16:57:52.136068036,Second Class,Central America,LATAM,Sports,Medium,2096.73,15.14,9,3,5,158.03,505.59,2,0,17.558888888888887
SHP101856,2017-12-05 21:20:48.024012008,Second Class,South America,USCA,Sports,Low,522.13,12.41,1,3,2,58.85,154.66,0,1,58.85
SHP101857,2017-12-06 01:43:43.911955980,First Class,Central America,USCA,Office Supplies,High,604.2,25.55,3,2,1,123.28,533.99,0,1,41.093333333333334
SHP101858,2017-12-06 06:06:39.799899952,First Class,Eastern Asia,Africa,Sports,Low,490.24,18.65,1,2,1,97.85,223.16,0,1,97.85
SHP101859,2017-12-06 10:29:35.687843924,Standard Class,USCA,USCA,Clothing,Low,692.74,12.13,1,4,4,71.23,243.38,0,1,71.23
SHP101860,2017-12-06 14:52:31.575787896,Second Class,Oceania,Africa,Technology,High,1077.39,13.72,4,3,4,103.06,521.11,1,0,25.765
SHP101861,2017-12-06 19:15:27.463731868,Second Class,USCA,Pacific Asia,Office Supplies,Medium,345.48,14.33,3,3,3,79.22,301.99,0,1,26.406666666666666
SHP101862,2017-12-06 23:38:23.351675840,Second Class,Western Europe,Africa,Clothing,Medium,290.94,15.21,4,3,4,81.7,565.83,1,0,20.425
SHP101863,2017-12-07 04:01:19.239619812,Standard Class,South America,USCA,Office Supplies,High,159.65,4.46,3,4,3,43.37,281.64,0,1,14.456666666666665
SHP101864,2017-12-07 08:24:15.127563784,Standard Class,Central America,Pacific Asia,Sports,Medium,139.41,10.32,3,4,5,51.15,176.52,1,0,17.05
SHP101865,2017-12-07 12:47:11.015507756,Standard Class,Western Europe,Pacific Asia,Office Supplies,Medium,235.06,5.38,2,4,4,90.74,98.37,0,1,45.37
SHP101866,2017-12-07 17:10:06.903451728,Standard Class,South America,LATAM,Office Supplies,Low,519.3,24.61,5,4,5,92.25,425.44,1,0,18.45
SHP101867,2017-12-07 21:33:02.791395700,Standard Class,USCA,USCA,Technology,Low,890.49,11.78,2,4,4,77.45,250.47,0,1,38.725
SHP101868,2017-12-08 01:55:58.679339672,Standard Class,South America,Europe,Office Supplies,Low,1036.99,10.95,2,3,2,98.44,294.96,0,1,49.22
SHP101869,2017-12-08 06:18:54.567283644,Standard Class,Eastern Asia,USCA,Office Supplies,Low,861.64,19.95,3,4,3,109.25,296.38,0,1,36.416666666666664
SHP101870,2017-12-08 10:41:50.455227616,Second Class,Central America,Europe,Technology,Medium,1946.09,15.37,1,3,5,133.03,253.27,2,0,133.03
SHP101871,2017-12-08 15:04:46.343171588,Standard Class,USCA,LATAM,Office Supplies,Medium,2338.11,6.55,3,4,5,122.78,355.39,1,0,40.92666666666667
SHP101872,2017-12-08 19:27:42.231115560,Same Day,Western Europe,USCA,Office Supplies,High,634.15,11.72,4,1,3,127.22,499.14,2,0,31.805
SHP101873,2017-12-08 23:50:38.119059532,Standard Class,Central America,LATAM,Clothing,High,350.55,10.13,2,4,5,57.07,212.34,1,0,28.535
SHP101874,2017-12-09 04:13:34.007003504,Standard Class,USCA,Europe,Clothing,High,2338.11,4.67,1,4,5,117.29,215.71,1,0,117.29
SHP101875,2017-12-09 08:36:29.894947476,Second Class,Central America,Africa,Office Supplies,Medium,811.27,8.33,6,3,2,112.37,612.5,0,1,18.728333333333335
SHP101876,2017-12-09 12:59:25.782891448,First Class,Oceania,USCA,Office Supplies,Low,1605.22,11.01,6,2,2,150.47,695.8,0,1,25.078333333333333
SHP101877,2017-12-09 17:22:21.670835420,Same Day,South America,Pacific Asia,Sports,High,502.87,11.44,4,1,1,104.76,584.03,0,1,26.19
SHP101878,2017-12-09 21:45:17.558779392,Standard Class,South America,Pacific Asia,Clothing,Medium,1389.65,5.39,2,4,7,86.47,118.23,3,0,43.235
SHP101879,2017-12-10 02:08:13.446723364,Standard Class,Oceania,LATAM,Sports,Low,866.53,22.95,4,4,5,90.74,320.54,1,0,22.685
SHP101880,2017-12-10 06:31:09.334667336,First Class,Oceania,Africa,Office Supplies,High,742.31,11.52,1,2,4,103.77,192.13,2,0,103.77
SHP101881,2017-12-10 10:54:05.222611308,Standard Class,Central America,Pacific Asia,Sports,Medium,741.38,12.44,3,4,5,69.69,361.54,1,0,23.23
SHP101882,2017-12-10 15:17:01.110555280,Second Class,South America,Pacific Asia,Sports,Medium,1111.38,15.19,4,3,3,106.98,456.75,0,1,26.745
SHP101883,2017-12-10 19:39:56.998499252,Standard Class,Western Europe,USCA,Technology,High,1986.54,7.9,4,4,5,109.69,267.35,1,0,27.4225
SHP101884,2017-12-11 00:02:52.886443224,Standard Class,Eastern Asia,Pacific Asia,Technology,High,2338.11,15.66,2,4,5,158.74,278.36,1,0,79.37
SHP101885,2017-12-11 04:25:48.774387196,Standard Class,USCA,Europe,Office Supplies,Medium,574.09,9.96,2,4,3,62.56,206.45,0,1,31.28
SHP101886,2017-12-11 08:48:44.662331168,Standard Class,Oceania,LATAM,Clothing,Medium,901.61,7.44,7,4,4,88.64,402.51,0,1,12.662857142857144
SHP101887,2017-12-11 13:11:40.550275140,Second Class,Western Europe,Pacific Asia,Office Supplies,Medium,811.27,16.7,4,3,3,101.46,373.12,0,1,25.365
SHP101888,2017-12-11 17:34:36.438219112,First Class,Western Europe,USCA,Clothing,High,1061.73,27.67,1,2,4,135.01,298.01,2,0,135.01
SHP101889,2017-12-11 21:57:32.326163084,Standard Class,Central America,Europe,Technology,Low,663.14,18.15,3,4,2,87.24,354.4,0,1,29.08
SHP101890,2017-12-12 02:20:28.214107056,First Class,Oceania,Pacific Asia,Clothing,Medium,456.98,20.24,4,2,4,111.73,661.51,2,0,27.9325
SHP101891,2017-12-12 06:43:24.102051028,Standard Class,Western Europe,LATAM,Sports,Critical,574.7,9.15,3,4,3,58.51,375.89,0,1,19.503333333333334
SHP101892,2017-12-12 11:06:19.989995000,Standard Class,Eastern Asia,LATAM,Sports,Medium,508.8,5.06,3,4,3,48.15,372.92,0,1,16.05
SHP101893,2017-12-12 15:29:15.877938972,Standard Class,Western Europe,LATAM,Technology,High,702.62,27.65,3,4,6,113.83,453.36,2,0,37.943333333333335
SHP101894,2017-12-12 19:52:11.765882944,First Class,Eastern Asia,Pacific Asia,Office Supplies,Critical,251.59,32.004999999999995,5,2,3,133.66,546.35,1,0,26.732
SHP101895,2017-12-13 00:15:07.653826916,Second Class,Eastern Asia,Europe,Clothing,Medium,516.56,28.46,3,3,5,110.45,558.22,2,0,36.81666666666667
SHP101896,2017-12-13 04:38:03.541770888,Second Class,Eastern Asia,Africa,Office Supplies,High,1054.63,10.13,2,3,4,82.93,326.39,1,0,41.465
SHP101897,2017-12-13 09:00:59.429714860,First Class,Oceania,LATAM,Clothing,Medium,1049.3,6.46,5,2,5,87.75,567.76,3,0,17.55
SHP101898,2017-12-13 13:23:55.317658832,Second Class,Eastern Asia,Europe,Technology,High,938.05,6.78,5,3,4,84.9,506.63,1,0,16.98
SHP101899,2017-12-13 17:46:51.205602804,Same Day,Oceania,USCA,Sports,High,1877.07,32.004999999999995,1,1,1,135.81,90.75,0,1,135.81
SHP101900,2017-12-13 22:09:47.093546776,Second Class,Western Europe,USCA,Sports,Medium,1083.35,11.48,2,3,4,90.8,162.84,1,0,45.4
SHP101901,2017-12-14 02:32:42.981490748,First Class,Eastern Asia,Europe,Clothing,High,1838.01,29.46,2,2,4,172.335,233.83,2,0,86.1675
SHP101902,2017-12-14 06:55:38.869434716,Standard Class,South America,USCA,Office Supplies,High,2338.11,11.27,4,4,4,165.09,537.66,0,1,41.2725
SHP101903,2017-12-14 11:18:34.757378688,Standard Class,Western Europe,USCA,Technology,Medium,1412.81,14.39,3,4,4,110.83,261.17,0,1,36.943333333333335
SHP101904,2017-12-14 15:41:30.645322660,Standard Class,USCA,LATAM,Technology,Medium,252.75,25.96,4,4,4,78.12,560.58,0,1,19.53
SHP101905,2017-12-14 20:04:26.533266632,Standard Class,South America,Pacific Asia,Office Supplies,Low,964.25,9.75,4,4,2,84.15,354.2,0,1,21.0375
SHP101906,2017-12-15 00:27:22.421210604,Second Class,South America,Pacific Asia,Sports,Medium,867.71,32.004999999999995,2,3,4,123.98,518.16,1,0,61.99
SHP101907,2017-12-15 04:50:18.309154576,Standard Class,Central America,Pacific Asia,Office Supplies,Critical,2094.57,32.004999999999995,4,4,2,147.74,392.91,0,1,36.935
SHP101908,2017-12-15 09:13:14.197098548,Standard Class,Oceania,Pacific Asia,Sports,High,721.74,11.33,4,3,4,84.98,277.63,1,0,21.245
SHP101909,2017-12-15 13:36:10.085042520,Standard Class,Central America,Europe,Clothing,Medium,406.86,8.87,3,4,5,67.05,261.88,1,0,22.349999999999998
SHP101910,2017-12-15 17:59:05.972986492,Standard Class,Oceania,LATAM,Technology,Medium,540.61,17.88,2,4,4,71.09,335.59,0,1,35.545
SHP101911,2017-12-15 22:22:01.860930464,Standard Class,Central America,Europe,Clothing,Medium,261.81,10.06,4,4,6,62.78,272.5,2,0,15.695
SHP101912,2017-12-16 02:44:57.748874436,Same Day,Western Europe,USCA,Office Supplies,Medium,20.0,6.45,3,1,1,76.82,379.77,0,1,25.606666666666666
SHP101913,2017-12-16 07:07:53.636818408,Standard Class,South America,LATAM,Office Supplies,Medium,2338.11,24.65,3,4,6,168.83,392.6,2,0,56.27666666666667
SHP101914,2017-12-16 11:30:49.524762380,Standard Class,Western Europe,Africa,Clothing,Medium,794.85,23.78,3,4,5,93.94,507.96,1,0,31.313333333333333
SHP101915,2017-12-16 15:53:45.412706352,Second Class,Oceania,Pacific Asia,Office Supplies,Medium,285.55,13.27,4,3,2,87.59,256.18,0,1,21.8975
SHP101916,2017-12-16 20:16:41.300650324,Second Class,South America,USCA,Office Supplies,Critical,2215.14,6.08,2,3,7,120.66,248.68,4,0,60.33
SHP101917,2017-12-17 00:39:37.188594296,Standard Class,South America,Pacific Asia,Office Supplies,Medium,2338.11,6.2,4,4,4,120.18,327.53,0,1,30.045
SHP101918,2017-12-17 05:02:33.076538268,Standard Class,Oceania,Pacific Asia,Technology,Medium,888.95,12.92,2,4,3,90.62,324.85,0,1,45.31
SHP101919,2017-12-17 09:25:28.964482240,Standard Class,Western Europe,Pacific Asia,Technology,Low,239.91,9.25,6,4,3,52.86,533.27,0,1,8.81
SHP101920,2017-12-17 13:48:24.852426212,Same Day,South America,Africa,Sports,Critical,551.02,10.1,4,1,1,112.38,436.14,0,1,28.095
SHP101921,2017-12-17 18:11:20.740370184,Standard Class,USCA,USCA,Technology,High,665.1,21.37,1,4,4,77.12,295.23,0,1,77.12
SHP101922,2017-12-17 22:34:16.628314156,Standard Class,Western Europe,Pacific Asia,Clothing,High,814.37,18.23,3,4,5,95.14,224.56,1,0,31.713333333333335
SHP101923,2017-12-18 02:57:12.516258128,Standard Class,Western Europe,Pacific Asia,Clothing,Medium,319.29,26.0,3,4,4,95.14,339.22,0,1,31.713333333333335
SHP101924,2017-12-18 07:20:08.404202100,Standard Class,Western Europe,LATAM,Technology,Medium,1489.6,7.07,2,4,5,81.78,236.23,1,0,40.89
SHP101925,2017-12-18 11:43:04.292146072,First Class,South America,Pacific Asia,Clothing,Medium,90.15,10.09,2,2,2,74.23,273.6,0,1,37.115
SHP101926,2017-12-18 16:06:00.180090044,Standard Class,Eastern Asia,LATAM,Office Supplies,Medium,1649.75,18.49,2,4,2,119.78,182.92,0,1,59.89
SHP101927,2017-12-18 20:28:56.068034016,Standard Class,Central America,USCA,Technology,High,1878.94,15.59,5,4,4,125.46,462.85,0,1,25.092
SHP101928,2017-12-19 00:51:51.955977988,Standard Class,Oceania,USCA,Sports,High,594.41,28.3,1,4,2,105.97,237.19,0,1,105.97
SHP101929,2017-12-19 05:14:47.843921960,Standard Class,Western Europe,USCA,Sports,Medium,747.74,15.35,3,4,5,92.97,265.88,1,0,30.99
SHP101930,2017-12-19 09:37:43.731865932,Standard Class,South America,LATAM,Technology,Low,2030.67,32.004999999999995,5,4,3,154.5,640.0,0,1,30.9
SHP101931,2017-12-19 14:00:39.619809904,First Class,Oceania,Africa,Clothing,High,1230.8,16.4,3,2,3,133.97,345.55,1,0,44.656666666666666
SHP101932,2017-12-19 18:23:35.507753876,Second Class,Eastern Asia,Africa,Technology,Medium,811.27,21.85,3,3,5,102.77,409.21,2,0,34.25666666666667
SHP101933,2017-12-19 22:46:31.395697848,First Class,USCA,Pacific Asia,Technology,Medium,667.78,10.2,3,2,1,94.42,311.76,0,1,31.473333333333333
SHP101934,2017-12-20 03:09:27.283641820,First Class,Eastern Asia,USCA,Sports,High,1115.67,12.28,3,2,4,109.56,412.59,2,0,36.52
SHP101935,2017-12-20 07:32:23.171585792,Second Class,South America,Europe,Office Supplies,Medium,2338.11,20.11,4,3,3,150.39,356.05,0,1,37.5975
SHP101936,2017-12-20 11:55:19.059529764,Standard Class,Western Europe,Pacific Asia,Office Supplies,High,683.53,29.58,4,4,7,107.72,637.83,3,0,26.93
SHP101937,2017-12-20 16:18:14.947473736,First Class,Eastern Asia,Africa,Technology,Medium,596.62,18.19,2,2,2,104.4,378.49,0,1,52.2
SHP101938,2017-12-20 20:41:10.835417708,First Class,Eastern Asia,Africa,Sports,High,810.24,11.64,2,2,2,115.26,215.17,0,1,57.63
SHP101939,2017-12-21 01:04:06.723361680,First Class,Eastern Asia,USCA,Sports,High,813.75,25.99,3,2,3,119.69,392.51,1,0,39.89666666666667
SHP101940,2017-12-21 05:27:02.611305652,Standard Class,USCA,LATAM,Technology,High,984.32,3.65,2,4,4,49.55,261.98,0,1,24.775
SHP101941,2017-12-21 09:49:58.499249624,Standard Class,South America,Pacific Asia,Technology,Low,749.51,5.57,3,4,4,51.15,365.52,0,1,17.05
SHP101942,2017-12-21 14:12:54.387193596,First Class,Oceania,LATAM,Technology,Medium,1713.92,17.72,1,2,2,151.71,164.51,0,1,151.71
SHP101943,2017-12-21 18:35:50.275137568,Second Class,Central America,Africa,Office Supplies,Low,380.83,12.28,5,3,3,73.9,223.34,0,1,14.780000000000001
SHP101944,2017-12-21 22:58:46.163081540,Same Day,South America,USCA,Technology,Medium,1060.88,17.0,4,1,3,153.0,386.59,2,0,38.25
SHP101945,2017-12-22 03:21:42.051025512,Standard Class,Western Europe,Africa,Sports,High,1089.68,12.62,3,4,2,86.41,334.77,0,1,28.80333333333333
SHP101946,2017-12-22 07:44:37.938969484,Standard Class,South America,USCA,Technology,Medium,410.36,16.68,6,4,5,68.61,500.74,1,0,11.435
SHP101947,2017-12-22 12:07:33.826913456,Standard Class,South America,Europe,Sports,High,1053.62,7.78,5,4,5,99.4,515.17,1,0,19.880000000000003
SHP101948,2017-12-22 16:30:29.714857428,First Class,USCA,LATAM,Sports,Medium,1109.32,16.67,3,2,3,131.2,409.3,1,0,43.73333333333333
SHP101949,2017-12-22 20:53:25.602801400,Standard Class,Central America,Pacific Asia,Clothing,Medium,47.12,21.05,3,4,6,63.42,445.27,2,0,21.14
SHP101950,2017-12-23 01:16:21.490745372,Standard Class,Central America,USCA,Sports,High,350.17,23.84,1,4,4,84.64,236.87,0,1,84.64
SHP101951,2017-12-23 05:39:17.378689344,Same Day,Central America,Europe,Clothing,Medium,2139.68,32.004999999999995,3,1,1,172.335,417.88,0,1,57.445
SHP101952,2017-12-23 10:02:13.266633316,Standard Class,Oceania,Europe,Technology,High,495.3,13.93,1,4,5,66.85,191.33,1,0,66.85
SHP101953,2017-12-23 14:25:09.154577288,First Class,South America,LATAM,Clothing,Medium,284.9,14.16,5,2,3,106.83,479.98,1,0,21.366
SHP101954,2017-12-23 18:48:05.042521260,Standard Class,USCA,USCA,Office Supplies,Critical,132.67,5.27,2,4,4,23.45,113.95,0,1,11.725
SHP101955,2017-12-23 23:11:00.930465232,First Class,Western Europe,Pacific Asia,Office Supplies,Medium,322.23,9.09,3,2,3,74.92,264.63,1,0,24.973333333333333
SHP101956,2017-12-24 03:33:56.818409204,Second Class,Central America,Pacific Asia,Office Supplies,High,726.13,10.96,4,3,3,85.4,509.61,0,1,21.35
SHP101957,2017-12-24 07:56:52.706353176,First Class,Central America,Pacific Asia,Technology,Low,266.27,21.71,3,2,2,101.9,371.72,0,1,33.96666666666667
SHP101958,2017-12-24 12:19:48.594297148,First Class,South America,Africa,Sports,Medium,1241.7,8.71,6,2,2,105.89,567.13,0,1,17.648333333333333
SHP101959,2017-12-24 16:42:44.482241120,Standard Class,Western Europe,Africa,Office Supplies,High,404.11,18.88,2,4,6,79.38,274.55,2,0,39.69
SHP101960,2017-12-24 21:05:40.370185092,Standard Class,USCA,USCA,Clothing,High,989.59,12.17,1,4,1,66.66,183.72,0,1,66.66
SHP101961,2017-12-25 01:28:36.258129064,Standard Class,Central America,Pacific Asia,Technology,Low,1946.17,11.05,4,4,5,104.76,419.78,1,0,26.19
SHP101962,2017-12-25 05:51:32.146073036,Second Class,South America,Europe,Technology,Medium,1868.83,13.97,3,3,4,125.8,363.51,1,0,41.93333333333333
SHP101963,2017-12-25 10:14:28.034017008,First Class,Eastern Asia,Pacific Asia,Clothing,Medium,977.76,9.82,4,2,1,172.335,341.81,0,1,43.08375
SHP101964,2017-12-25 14:37:23.921960980,Standard Class,USCA,USCA,Clothing,Medium,303.49,9.62,3,4,5,76.32,339.4,1,0,25.439999999999998
SHP101965,2017-12-25 19:00:19.809904952,Second Class,Oceania,Pacific Asia,Technology,High,763.62,4.77,1,3,4,72.21,172.38,1,0,72.21
SHP101966,2017-12-25 23:23:15.697848924,Standard Class,USCA,LATAM,Technology,Medium,1000.26,12.27,3,4,5,77.5,394.61,1,0,25.833333333333332
SHP101967,2017-12-26 03:46:11.585792896,First Class,South America,Pacific Asia,Sports,Medium,2338.11,9.36,2,2,1,172.335,163.58,0,1,86.1675
SHP101968,2017-12-26 08:09:07.473736868,Same Day,Central America,Europe,Technology,High,131.2,9.17,4,1,3,97.12,391.97,2,0,24.28
SHP101969,2017-12-26 12:32:03.361680840,Standard Class,USCA,USCA,Clothing,Medium,765.62,15.32,5,4,4,98.07,473.08,0,1,19.613999999999997
SHP101970,2017-12-26 16:54:59.249624812,Standard Class,Western Europe,USCA,Technology,High,1212.0,17.5,2,4,5,85.96,353.41,1,0,42.98
SHP101971,2017-12-26 21:17:55.137568784,Standard Class,Eastern Asia,Europe,Technology,Critical,856.77,13.84,5,4,5,96.15,499.1,1,0,19.23
SHP101972,2017-12-27 01:40:51.025512756,Second Class,Western Europe,USCA,Clothing,Low,925.31,21.06,2,3,2,92.46,228.47,0,1,46.23
SHP101973,2017-12-27 06:03:46.913456728,Standard Class,Western Europe,Pacific Asia,Sports,High,424.99,16.72,7,4,5,76.14,713.84,1,0,10.877142857142857
SHP101974,2017-12-27 10:26:42.801400700,Standard Class,Western Europe,USCA,Technology,Medium,1472.56,10.36,4,4,4,98.16,393.24,0,1,24.54
SHP101975,2017-12-27 14:49:38.689344672,Standard Class,South America,Pacific Asia,Office Supplies,Medium,814.02,9.44,3,4,2,74.69,339.19,0,1,24.896666666666665
SHP101976,2017-12-27 19:12:34.577288644,Standard Class,South America,USCA,Office Supplies,Low,922.93,14.47,3,4,6,83.82,513.93,2,0,27.939999999999998
SHP101977,2017-12-27 23:35:30.465232616,Standard Class,USCA,Pacific Asia,Clothing,Low,1576.17,16.7,1,4,4,107.31,288.92,0,1,107.31
SHP101978,2017-12-28 03:58:26.353176588,Second Class,Oceania,Pacific Asia,Clothing,Medium,625.39,26.28,4,3,3,109.56,376.44,0,1,27.39
SHP101979,2017-12-28 08:21:22.241120560,Standard Class,Eastern Asia,Europe,Clothing,Medium,1803.55,23.46,2,4,4,114.66,366.88,0,1,57.33
SHP101980,2017-12-28 12:44:18.129064532,Second Class,USCA,Europe,Office Supplies,High,257.7,9.04,3,3,4,67.98,272.27,1,0,22.66
SHP101981,2017-12-28 17:07:14.017008504,Standard Class,Western Europe,Africa,Clothing,High,960.46,11.52,3,3,3,99.15,286.05,0,1,33.050000000000004
SHP101982,2017-12-28 21:30:09.904952476,Standard Class,USCA,Europe,Office Supplies,Critical,403.02,17.62,5,4,5,88.41,663.98,1,0,17.682
SHP101983,2017-12-29 01:53:05.792896448,Standard Class,Central America,Pacific Asia,Sports,Medium,317.52,21.92,1,4,3,87.69,304.36,0,1,87.69
SHP101984,2017-12-29 06:16:01.680840420,Second Class,USCA,Pacific Asia,Clothing,Medium,2338.11,20.42,2,3,3,162.35,187.59,0,1,81.175
SHP101985,2017-12-29 10:38:57.568784392,Same Day,USCA,USCA,Technology,Medium,270.81,11.76,3,1,1,172.335,305.11,0,1,57.445
SHP101986,2017-12-29 15:01:53.456728364,Standard Class,Western Europe,USCA,Sports,Medium,825.6,6.11,2,4,7,63.06,220.01,3,0,31.53
SHP101987,2017-12-29 19:24:49.344672336,Standard Class,USCA,Africa,Office Supplies,Medium,251.35,7.03,4,4,4,36.4,368.42,0,1,9.1
SHP101988,2017-12-29 23:47:45.232616308,Standard Class,Eastern Asia,Pacific Asia,Clothing,High,1732.12,14.15,3,4,6,120.25,372.12,2,0,40.083333333333336
SHP101989,2017-12-30 04:10:41.120560280,Second Class,Western Europe,Africa,Technology,Medium,577.9,14.71,5,3,4,95.85,365.22,1,0,19.169999999999998
SHP101990,2017-12-30 08:33:37.008504252,Standard Class,South America,Pacific Asia,Office Supplies,Medium,1570.75,6.66,3,4,4,92.47,137.41,0,1,30.823333333333334
SHP101991,2017-12-30 12:56:32.896448224,Standard Class,South America,Europe,Sports,Low,1184.27,12.48,6,4,4,96.36,475.22,0,1,16.06
SHP101992,2017-12-30 17:19:28.784392196,Second Class,USCA,USCA,Technology,Low,2338.11,17.24,4,3,3,172.335,398.98,0,1,43.08375
SHP101993,2017-12-30 21:42:24.672336168,Second Class,USCA,Africa,Sports,Medium,204.61,6.47,4,3,4,55.77,218.3,1,0,13.9425
SHP101994,2017-12-31 02:05:20.560280140,Standard Class,Eastern Asia,LATAM,Clothing,Low,347.59,22.37,3,4,6,81.91,402.4,2,0,27.30333333333333
SHP101995,2017-12-31 06:28:16.448224112,Standard Class,Oceania,Pacific Asia,Technology,High,1515.56,9.9,5,4,5,93.06,377.22,1,0,18.612000000000002
SHP101996,2017-12-31 10:51:12.336168084,Second Class,Western Europe,Europe,Clothing,Low,993.14,24.33,5,3,5,113.76,641.17,2,0,22.752000000000002
SHP101997,2017-12-31 15:14:08.224112056,Standard Class,Eastern Asia,LATAM,Office Supplies,High,660.58,9.08,3,4,3,53.09,206.15,0,1,17.69666666666667
SHP101998,2017-12-31 19:37:04.112056028,Standard Class,USCA,Europe,Office Supplies,Medium,2338.11,6.93,8,4,4,163.29,329.45,0,1,20.41125
SHP101999,2018-01-01 00:00:00.000000000,First Class,USCA,Europe,Sports,Low,784.39,9.47,4,2,2,98.16,397.94,0,1,24.54
SHP101724,2017-11-11 18:53:50.815407704,Second Class,Central America,Africa,Sports,Medium,1160.46,9.65,3,3,3,79.9,188.29,0,1,26.633333333333336
